ts_code,entry_date,exit_date,hold_days,entry_price,exit_price,profit_pct,entry_score,exit_reason,entry_season,exit_season
000852.SZ,2025-01-03,2025-01-10,5,7.48,6.55,-12.73,69.2,STOP_LOSS,chaos,chaos
001222.SZ,2025-01-03,2025-01-10,5,16.84,15.39,-8.91,67.7,SCORE_DROP,chaos,chaos
002580.SZ,2025-01-06,2025-01-13,5,9.18,7.76,-15.77,66.1,STOP_LOSS,chaos_autumn,chaos
000913.SZ,2025-01-07,2025-01-13,4,19.02,16.48,-13.65,65.9,STOP_LOSS,chaos_autumn,chaos
301377.SZ,2025-01-09,2025-01-13,2,24.3,21.32,-12.56,69.0,STOP_LOSS,chaos_autumn,chaos
000421.SZ,2025-01-13,2025-01-22,7,7.13,6.35,-11.24,66.8,SCORE_DROP,chaos,chaos
688362.SH,2025-01-08,2025-01-23,11,33.8,30.41,-10.33,70.7,SCORE_DROP,chaos_autumn,chaos
002335.SZ,2025-01-09,2025-01-27,12,30.04,28.65,-4.93,66.1,SCORE_DROP,chaos_autumn,chaos
000430.SZ,2025-01-15,2025-01-27,8,7.45,6.52,-12.78,70.5,STOP_LOSS,chaos,chaos
688072.SH,2025-01-17,2025-01-27,6,154.95,142.65,-8.24,67.6,SCORE_DROP,chaos,chaos
002278.SZ,2025-01-20,2025-01-27,5,5.97,5.36,-10.52,70.2,SCORE_DROP,chaos,chaos
688800.SH,2025-01-07,2025-02-05,15,65.0,58.59,-10.16,68.0,SCORE_DROP,chaos_autumn,chaos
300476.SZ,2025-01-08,2025-02-05,14,46.7,45.3,-3.3,66.2,SCORE_DROP,chaos_autumn,chaos
603228.SH,2025-01-24,2025-02-05,2,36.52,30.92,-15.63,65.9,STOP_LOSS,chaos,chaos
002861.SZ,2025-01-20,2025-02-17,14,14.14,14.98,5.64,73.5,SCORE_DROP,chaos,chaos_spring
603236.SH,2025-01-14,2025-02-18,19,71.09,81.99,15.03,61.3,SCORE_DROP,chaos,chaos
688099.SH,2025-01-15,2025-02-18,18,78.85,79.17,0.11,66.9,SCORE_DROP,chaos,chaos
001222.SZ,2025-01-15,2025-02-18,18,17.14,15.59,-9.34,65.9,SCORE_DROP,chaos,chaos
002028.SZ,2025-01-21,2025-02-20,16,78.65,72.19,-8.51,72.8,SCORE_DROP,chaos,chaos_spring
000807.SZ,2025-01-16,2025-02-21,20,16.63,16.1,-3.49,63.9,SCORE_DROP,chaos,chaos_spring
001211.SZ,2025-02-13,2025-02-25,8,24.93,22.06,-11.81,68.0,SCORE_DROP,chaos_spring,chaos_spring
300570.SZ,2025-01-02,2025-02-27,34,80.35,99.22,23.18,68.9,SCORE_DROP,chaos,chaos_spring
000681.SZ,2025-01-27,2025-02-27,17,24.18,23.84,-1.71,70.5,SCORE_DROP,chaos,chaos_spring
002050.SZ,2025-01-10,2025-02-28,29,26.7,30.32,13.26,68.1,SCORE_DROP,chaos,chaos
300502.SZ,2025-01-14,2025-02-28,27,113.69,96.04,-15.82,62.0,STOP_LOSS,chaos,chaos
000725.SZ,2025-01-21,2025-02-28,22,4.5,4.31,-4.52,67.8,SCORE_DROP,chaos,chaos
000977.SZ,2025-01-22,2025-02-28,21,52.96,59.21,11.5,68.2,SCORE_DROP,chaos,chaos
002185.SZ,2025-01-24,2025-02-28,19,11.58,10.98,-5.48,67.1,SCORE_DROP,chaos,chaos
688111.SH,2025-01-24,2025-02-28,19,305.03,346.19,13.19,66.6,SCORE_DROP,chaos,chaos
000532.SZ,2025-01-27,2025-02-28,18,14.62,15.45,5.38,73.8,SCORE_DROP,chaos,chaos
002230.SZ,2025-02-05,2025-02-28,17,54.43,51.8,-5.13,67.1,SCORE_DROP,chaos,chaos
000676.SZ,2025-02-06,2025-02-28,16,9.12,8.51,-6.99,73.6,SCORE_DROP,chaos,chaos
001696.SZ,2025-02-07,2025-02-28,15,25.5,23.3,-8.93,72.4,SCORE_DROP,chaos_spring,chaos
000156.SZ,2025-02-07,2025-02-28,15,7.49,7.92,5.44,70.7,SCORE_DROP,chaos_spring,chaos
000607.SZ,2025-02-12,2025-02-28,12,4.49,4.02,-10.77,74.6,SCORE_DROP,chaos_spring,chaos
300476.SZ,2025-02-12,2025-02-28,12,54.8,51.05,-7.14,70.5,SCORE_DROP,chaos_spring,chaos
600172.SH,2025-02-13,2025-02-28,11,4.69,4.1,-12.88,70.2,STOP_LOSS,chaos_spring,chaos
600183.SH,2025-02-18,2025-02-28,8,33.71,28.77,-14.95,64.4,STOP_LOSS,chaos,chaos
301165.SZ,2025-02-24,2025-02-28,4,89.61,74.18,-17.52,68.8,STOP_LOSS,chaos_spring,chaos
300433.SZ,2025-01-14,2025-03-03,28,26.6,26.94,0.98,68.5,SCORE_DROP,chaos,chaos
600171.SH,2025-01-17,2025-03-03,25,37.52,36.11,-4.06,67.2,SCORE_DROP,chaos,chaos
002156.SZ,2025-01-20,2025-03-03,24,28.88,28.43,-1.86,69.6,SCORE_DROP,chaos,chaos
300604.SZ,2025-01-21,2025-03-03,23,45.89,43.66,-5.16,70.2,SCORE_DROP,chaos,chaos
300033.SZ,2025-01-22,2025-03-03,22,296.11,293.64,-1.13,67.6,SCORE_DROP,chaos,chaos
688158.SH,2025-02-05,2025-03-03,18,16.6,30.7,84.64,74.7,SCORE_DROP,chaos,chaos
688343.SH,2025-02-25,2025-03-03,4,82.26,68.97,-16.46,65.9,STOP_LOSS,chaos_spring,chaos
000938.SZ,2025-01-22,2025-03-05,24,26.64,29.5,10.44,69.2,SCORE_DROP,chaos,chaos
300474.SZ,2025-02-26,2025-03-05,5,99.55,90.6,-9.29,66.3,SCORE_DROP,chaos_spring,chaos
002329.SZ,2025-02-27,2025-03-06,5,3.57,3.3,-7.86,69.7,SCORE_DROP,chaos_spring,chaos
000032.SZ,2025-02-10,2025-03-10,20,20.11,24.36,20.83,72.2,SCORE_DROP,chaos_spring,chaos
300750.SZ,2025-02-18,2025-03-10,14,270.77,256.5,-5.57,65.4,SCORE_DROP,chaos,chaos
000066.SZ,2025-02-14,2025-03-11,17,16.9,15.93,-6.04,69.6,SCORE_DROP,chaos_spring,chaos
688981.SH,2025-01-10,2025-03-13,38,93.18,92.98,-0.51,62.5,SCORE_DROP,chaos,chaos
000415.SZ,2025-01-17,2025-03-13,33,3.57,3.24,-9.54,73.5,SCORE_DROP,chaos,chaos
300223.SZ,2025-01-23,2025-03-13,29,65.81,77.15,16.93,72.6,SCORE_DROP,chaos,chaos
688728.SH,2025-01-27,2025-03-13,27,13.83,15.2,9.61,67.3,SCORE_DROP,chaos,chaos
603501.SH,2025-02-13,2025-03-13,20,136.05,137.2,0.55,69.9,SCORE_DROP,chaos_spring,chaos
603005.SH,2025-02-14,2025-03-13,19,34.75,31.68,-9.13,67.9,SCORE_DROP,chaos_spring,chaos
000516.SZ,2025-02-17,2025-03-13,18,5.82,5.86,0.39,72.3,SCORE_DROP,chaos_spring,chaos
688362.SH,2025-02-17,2025-03-13,18,30.61,29.64,-3.47,70.6,SCORE_DROP,chaos_spring,chaos
002357.SZ,2025-02-19,2025-03-13,16,8.23,8.64,4.68,72.4,SCORE_DROP,chaos_spring,chaos
002273.SZ,2025-02-20,2025-03-13,15,25.19,23.68,-6.29,68.1,SCORE_DROP,chaos_spring,chaos
688008.SH,2025-02-25,2025-03-13,12,79.84,75.27,-6.02,67.1,SCORE_DROP,chaos_spring,chaos
000560.SZ,2025-02-26,2025-03-13,11,3.59,3.29,-8.66,70.1,SCORE_DROP,chaos_spring,chaos
688150.SH,2025-02-27,2025-03-13,10,22.78,20.49,-10.35,70.3,SCORE_DROP,chaos_spring,chaos
000420.SZ,2025-02-28,2025-03-13,9,3.98,3.61,-9.6,62.8,SCORE_DROP,chaos,chaos
688099.SH,2025-03-04,2025-03-13,7,88.7,78.79,-11.47,64.1,SCORE_DROP,chaos,chaos
000681.SZ,2025-03-06,2025-03-13,5,26.29,23.11,-12.4,70.5,STOP_LOSS,chaos,chaos
000729.SZ,2025-01-02,2025-03-14,45,11.94,12.21,1.96,79.4,MAX_HOLD,chaos,chaos
605060.SH,2025-01-02,2025-03-14,45,17.96,21.14,17.41,70.5,MAX_HOLD,chaos,chaos
603629.SH,2025-01-03,2025-03-17,45,20.92,34.71,65.62,68.7,MAX_HOLD,chaos,chaos_spring
300124.SZ,2025-01-10,2025-03-17,40,59.99,70.41,17.07,66.3,SCORE_DROP,chaos,chaos_spring
301396.SZ,2025-01-06,2025-03-18,45,29.01,83.21,186.53,63.2,MAX_HOLD,chaos_autumn,chaos_spring
688668.SH,2025-01-06,2025-03-18,45,44.54,50.26,12.54,62.0,MAX_HOLD,chaos_autumn,chaos_spring
688107.SH,2025-02-25,2025-03-18,15,31.6,32.1,1.28,66.9,SCORE_DROP,chaos_spring,chaos_spring
002371.SZ,2025-01-07,2025-03-19,45,390.67,434.97,11.04,66.7,MAX_HOLD,chaos_autumn,chaos_spring
002475.SZ,2025-01-08,2025-03-20,45,39.15,40.42,2.94,63.4,MAX_HOLD,chaos_autumn,chaos_spring
688072.SH,2025-02-11,2025-03-20,27,159.81,168.6,5.2,71.4,SCORE_DROP,chaos_spring,chaos_spring
688012.SH,2025-02-20,2025-03-20,20,205.1,193.7,-5.86,70.8,SCORE_DROP,chaos_spring,chaos_spring
603629.SH,2025-03-17,2025-03-20,3,34.71,30.45,-12.57,69.9,STOP_LOSS,chaos_spring,chaos_spring
300115.SZ,2025-01-09,2025-03-21,45,17.59,26.6,50.92,67.1,MAX_HOLD,chaos_autumn,chaos
002335.SZ,2025-02-11,2025-03-21,28,34.69,48.19,38.62,71.6,SCORE_DROP,chaos_spring,chaos
688362.SH,2025-03-14,2025-03-21,5,33.05,30.08,-9.29,77.5,SCORE_DROP,chaos,chaos
000570.SZ,2025-02-11,2025-03-24,29,5.18,5.72,10.12,70.9,SCORE_DROP,chaos_spring,chaos
000665.SZ,2025-02-14,2025-03-24,26,4.41,5.31,20.11,69.3,SCORE_DROP,chaos_spring,chaos
000058.SZ,2025-02-27,2025-03-24,17,8.87,8.22,-7.63,68.7,SCORE_DROP,chaos_spring,chaos
600172.SH,2025-03-10,2025-03-24,10,4.59,4.2,-8.8,67.7,SCORE_DROP,chaos,chaos
301176.SZ,2025-03-11,2025-03-24,9,21.4,19.14,-10.86,67.6,SCORE_DROP,chaos,chaos
002329.SZ,2025-03-17,2025-03-24,5,3.97,3.49,-12.39,74.6,STOP_LOSS,chaos_spring,chaos
601138.SH,2025-01-13,2025-03-25,45,19.72,20.51,3.71,61.5,MAX_HOLD,chaos,chaos
002580.SZ,2025-01-13,2025-03-25,45,7.76,13.62,75.22,61.3,MAX_HOLD,chaos,chaos
002236.SZ,2025-02-07,2025-03-25,32,16.3,17.3,5.83,69.9,SCORE_DROP,chaos_spring,chaos
300042.SZ,2025-02-24,2025-03-25,21,26.41,26.97,1.82,68.0,SCORE_DROP,chaos_spring,chaos
605111.SH,2025-03-04,2025-03-25,15,35.68,33.48,-6.47,63.5,SCORE_DROP,chaos,chaos
301396.SZ,2025-03-21,2025-03-25,2,86.25,70.86,-18.14,63.2,STOP_LOSS,chaos,chaos
000157.SZ,2025-02-28,2025-03-26,18,8.0,7.71,-3.93,64.6,SCORE_DROP,chaos,chaos
300014.SZ,2025-03-03,2025-03-26,17,51.0,48.35,-5.5,70.0,SCORE_DROP,chaos,chaos
300136.SZ,2025-03-19,2025-03-26,5,27.4,24.46,-11.03,65.8,SCORE_DROP,chaos_spring,chaos
688126.SH,2025-02-19,2025-03-27,26,20.4,18.04,-11.87,72.2,SCORE_DROP,chaos_spring,chaos
002046.SZ,2025-02-20,2025-03-27,25,15.71,16.24,3.07,66.6,SCORE_DROP,chaos_spring,chaos
000156.SZ,2025-03-06,2025-03-27,15,8.47,8.29,-2.43,66.5,SCORE_DROP,chaos,chaos
001316.SZ,2025-03-20,2025-03-27,5,34.85,32.33,-7.53,70.5,SCORE_DROP,chaos_spring,chaos
300001.SZ,2025-01-16,2025-03-28,45,22.6,23.93,5.58,65.5,MAX_HOLD,chaos,chaos
000021.SZ,2025-01-16,2025-03-28,45,18.1,19.07,5.06,65.0,MAX_HOLD,chaos,chaos
600301.SH,2025-02-28,2025-03-28,20,18.96,23.1,21.54,61.1,SCORE_DROP,chaos,chaos
000657.SZ,2025-03-07,2025-03-28,15,10.44,9.87,-5.76,68.4,SCORE_DROP,chaos,chaos
000551.SZ,2025-03-10,2025-03-28,14,13.35,12.7,-5.17,63.8,SCORE_DROP,chaos,chaos
600561.SH,2025-03-13,2025-03-28,11,6.12,5.69,-7.33,64.6,SCORE_DROP,chaos,chaos
301377.SZ,2025-02-21,2025-03-31,26,25.94,28.01,7.68,71.5,SCORE_DROP,chaos_spring,chaos
600268.SH,2025-02-21,2025-03-31,26,7.63,7.24,-5.41,69.5,SCORE_DROP,chaos_spring,chaos
688223.SH,2025-02-26,2025-03-31,23,7.11,6.48,-9.16,67.7,SCORE_DROP,chaos_spring,chaos
002074.SZ,2025-03-03,2025-03-31,20,24.2,21.78,-10.3,65.5,SCORE_DROP,chaos,chaos
300476.SZ,2025-03-05,2025-03-31,18,57.49,81.01,40.61,67.1,SCORE_DROP,chaos,chaos
000807.SZ,2025-03-05,2025-03-31,18,17.98,17.34,-3.86,64.5,SCORE_DROP,chaos,chaos
001222.SZ,2025-03-13,2025-03-31,12,15.99,15.42,-3.86,62.7,SCORE_DROP,chaos,chaos
001318.SZ,2025-03-18,2025-03-31,9,15.14,13.2,-13.11,69.4,STOP_LOSS,chaos_spring,chaos
002861.SZ,2025-03-18,2025-04-01,10,15.1,13.95,-7.92,68.9,SCORE_DROP,chaos_spring,chaos
000852.SZ,2025-03-19,2025-04-01,9,7.29,6.94,-5.1,67.5,SCORE_DROP,chaos_spring,chaos
002329.SZ,2025-03-27,2025-04-01,3,3.98,3.46,-13.37,70.7,STOP_LOSS,chaos,chaos
603569.SH,2025-02-17,2025-04-02,32,7.5,7.14,-5.1,71.3,SCORE_DROP,chaos_spring,chaos
000630.SZ,2025-03-12,2025-04-02,15,3.45,3.42,-1.17,63.4,SCORE_DROP,chaos,chaos
002278.SZ,2025-03-13,2025-04-02,14,6.37,7.95,24.5,69.2,SCORE_DROP,chaos,chaos
000507.SZ,2025-03-24,2025-04-02,7,5.51,5.15,-6.83,65.3,SCORE_DROP,chaos,chaos
000422.SZ,2025-03-03,2025-04-03,23,12.5,13.0,3.7,64.4,SCORE_DROP,chaos,chaos
002475.SZ,2025-03-28,2025-04-03,4,41.21,35.42,-14.35,64.4,STOP_LOSS,chaos,chaos
688521.SH,2025-01-23,2025-04-07,45,52.3,86.8,65.67,66.0,MAX_HOLD,chaos,autumn
000089.SZ,2025-01-23,2025-04-07,45,7.02,6.2,-11.98,65.8,MAX_HOLD,chaos,autumn
600118.SH,2025-02-06,2025-04-07,41,27.07,23.87,-12.12,74.9,SCORE_DROP,chaos,autumn
688037.SH,2025-02-06,2025-04-07,41,83.05,88.26,5.97,73.3,SCORE_DROP,chaos,autumn
000519.SZ,2025-02-10,2025-04-07,39,15.16,15.49,1.88,73.7,SCORE_DROP,chaos_spring,autumn
301068.SZ,2025-02-10,2025-04-07,39,29.92,29.7,-1.04,71.8,SCORE_DROP,chaos_spring,autumn
000425.SZ,2025-02-19,2025-04-07,32,8.53,7.8,-8.86,67.4,SCORE_DROP,chaos_spring,autumn
688082.SH,2025-02-21,2025-04-07,30,108.79,92.6,-15.18,71.1,STOP_LOSS,chaos_spring,autumn
688396.SH,2025-02-24,2025-04-07,29,49.6,39.3,-21.07,66.0,STOP_LOSS,chaos_spring,autumn
002049.SZ,2025-03-04,2025-04-07,23,67.98,63.11,-7.46,66.9,SCORE_DROP,chaos,autumn
000659.SZ,2025-03-05,2025-04-07,22,2.97,2.82,-5.35,69.2,SCORE_DROP,chaos,autumn
600064.SH,2025-03-06,2025-04-07,21,7.34,6.65,-9.7,68.8,SCORE_DROP,chaos,autumn
000510.SZ,2025-03-11,2025-04-07,18,4.06,3.7,-9.17,68.3,SCORE_DROP,chaos,autumn
000655.SZ,2025-03-11,2025-04-07,18,7.17,6.13,-14.8,67.1,STOP_LOSS,chaos,autumn
000014.SZ,2025-03-12,2025-04-07,17,11.08,9.83,-11.58,66.3,SCORE_DROP,chaos,autumn
601126.SH,2025-03-12,2025-04-07,17,18.27,15.5,-15.46,65.2,STOP_LOSS,chaos,autumn
605060.SH,2025-03-14,2025-04-07,15,21.14,16.79,-20.88,70.5,STOP_LOSS,chaos,autumn
000415.SZ,2025-03-17,2025-04-07,14,3.38,2.82,-16.87,68.4,STOP_LOSS,chaos_spring,autumn
000927.SZ,2025-03-18,2025-04-07,13,2.61,2.3,-12.18,70.8,SCORE_DROP,chaos_spring,autumn
600489.SH,2025-03-19,2025-04-07,12,13.91,12.5,-10.44,67.6,SCORE_DROP,chaos_spring,autumn
603629.SH,2025-03-20,2025-04-07,11,30.45,24.52,-19.77,67.5,STOP_LOSS,chaos_spring,autumn
001896.SZ,2025-03-21,2025-04-07,10,4.19,3.7,-11.99,63.5,SCORE_DROP,chaos,autumn
688668.SH,2025-03-21,2025-04-07,10,46.19,35.4,-23.66,63.2,STOP_LOSS,chaos,autumn
000333.SZ,2025-03-24,2025-04-07,9,76.06,67.18,-11.97,62.2,SCORE_DROP,chaos,autumn
300763.SZ,2025-03-25,2025-04-07,8,56.86,46.39,-18.71,66.1,STOP_LOSS,chaos,autumn
000633.SZ,2025-03-26,2025-04-07,7,5.43,4.52,-17.06,66.1,STOP_LOSS,chaos,autumn
002129.SZ,2025-03-26,2025-04-07,7,9.67,8.01,-17.47,65.0,STOP_LOSS,chaos,autumn
000006.SZ,2025-03-27,2025-04-07,6,7.44,6.27,-16.03,67.8,STOP_LOSS,chaos,autumn
601567.SH,2025-03-28,2025-04-07,5,30.2,25.66,-15.33,64.2,STOP_LOSS,chaos,autumn
688362.SH,2025-03-31,2025-04-07,4,30.1,24.06,-20.37,67.3,STOP_LOSS,chaos,autumn
002580.SZ,2025-03-31,2025-04-07,4,13.56,11.66,-14.31,64.9,STOP_LOSS,chaos,autumn
300001.SZ,2025-04-01,2025-04-07,3,25.71,21.7,-15.9,67.5,STOP_LOSS,chaos,autumn
688630.SH,2025-04-01,2025-04-07,3,76.46,58.22,-24.16,64.0,STOP_LOSS,chaos,autumn
688313.SH,2025-04-02,2025-04-07,2,17.34,13.8,-20.72,62.6,STOP_LOSS,chaos,autumn
300502.SZ,2025-04-02,2025-04-07,2,99.53,74.22,-25.73,62.0,STOP_LOSS,chaos,autumn
601138.SH,2025-04-02,2025-04-07,2,20.0,17.15,-14.55,61.5,STOP_LOSS,chaos,autumn
002851.SZ,2025-03-07,2025-04-08,21,57.82,45.97,-20.79,64.9,STOP_LOSS,chaos,autumn
002028.SZ,2025-03-25,2025-04-08,9,76.38,69.31,-9.56,64.0,SCORE_DROP,chaos,autumn
603629.SH,2025-04-07,2025-04-09,2,24.52,21.56,-12.37,69.5,STOP_LOSS,autumn,autumn
000558.SZ,2025-02-05,2025-04-10,45,3.31,4.15,25.08,68.5,MAX_HOLD,chaos,chaos
000601.SZ,2025-04-03,2025-04-11,5,5.96,5.07,-15.23,64.0,STOP_LOSS,chaos,chaos
000048.SZ,2025-03-10,2025-04-16,26,16.24,15.67,-3.81,69.7,SCORE_DROP,chaos,chaos_autumn
301396.SZ,2025-03-26,2025-04-16,14,78.39,68.18,-13.32,63.2,STOP_LOSS,chaos,chaos_autumn
688385.SH,2025-02-12,2025-04-17,45,40.82,48.52,18.56,71.6,MAX_HOLD,chaos_spring,chaos_autumn
000626.SZ,2025-04-11,2025-04-18,5,6.01,5.21,-13.61,66.9,STOP_LOSS,chaos,chaos_autumn
002094.SZ,2025-04-16,2025-04-18,2,7.84,6.72,-14.59,63.4,STOP_LOSS,chaos_autumn,chaos_autumn
000430.SZ,2025-03-20,2025-04-21,21,7.2,7.7,6.64,66.3,SCORE_DROP,chaos_spring,chaos
600172.SH,2025-04-15,2025-04-22,5,4.14,3.81,-8.27,66.3,SCORE_DROP,chaos_autumn,chaos
600023.SH,2025-02-18,2025-04-23,45,5.56,5.65,1.32,68.4,MAX_HOLD,chaos,chaos
603569.SH,2025-04-03,2025-04-23,13,7.85,7.75,-1.57,67.8,SCORE_DROP,chaos,chaos
000524.SZ,2025-03-07,2025-04-24,33,10.09,12.54,23.98,68.5,SCORE_DROP,chaos,chaos
000019.SZ,2025-04-08,2025-04-24,12,7.38,6.74,-8.97,68.0,SCORE_DROP,autumn,chaos
000066.SZ,2025-04-09,2025-04-24,11,16.49,14.52,-12.25,67.7,SCORE_DROP,autumn,chaos
300661.SZ,2025-04-11,2025-04-25,10,114.49,102.0,-11.21,66.1,SCORE_DROP,chaos,chaos
688521.SH,2025-04-14,2025-04-25,9,101.96,90.9,-11.15,69.0,SCORE_DROP,chaos_autumn,chaos
000859.SZ,2025-04-01,2025-04-28,18,5.87,6.08,3.28,64.7,SCORE_DROP,chaos,chaos
600489.SH,2025-04-21,2025-04-28,5,15.43,13.92,-10.09,65.3,SCORE_DROP,chaos,chaos
000510.SZ,2025-04-14,2025-04-30,12,4.63,4.37,-5.92,67.5,SCORE_DROP,chaos_autumn,chaos
000560.SZ,2025-04-18,2025-04-30,8,3.58,3.16,-12.03,70.0,SCORE_DROP,chaos_autumn,chaos
300001.SZ,2025-04-23,2025-04-30,5,24.77,23.09,-7.08,72.1,SCORE_DROP,chaos,chaos
000558.SZ,2025-04-10,2025-05-07,16,4.15,3.94,-5.36,74.3,SCORE_DROP,chaos,chaos
000526.SZ,2025-04-24,2025-05-13,10,56.93,52.65,-7.82,68.4,SCORE_DROP,chaos,chaos_spring
000659.SZ,2025-04-15,2025-05-15,19,3.34,3.17,-5.39,70.2,SCORE_DROP,chaos_autumn,chaos_spring
301165.SZ,2025-04-28,2025-05-15,10,74.03,68.2,-8.18,66.3,SCORE_DROP,chaos,chaos_spring
002335.SZ,2025-04-30,2025-05-19,10,42.65,39.94,-6.65,66.4,SCORE_DROP,chaos,chaos
688158.SH,2025-05-06,2025-05-21,11,23.32,20.92,-10.59,70.2,SCORE_DROP,chaos,chaos
300570.SZ,2025-05-08,2025-05-21,9,79.6,69.77,-12.65,71.7,STOP_LOSS,chaos,chaos
000729.SZ,2025-03-14,2025-05-22,45,12.21,13.58,10.92,77.9,MAX_HOLD,chaos,chaos_spring
001316.SZ,2025-04-17,2025-05-22,22,36.16,43.56,20.16,68.2,SCORE_DROP,chaos_autumn,chaos_spring
002278.SZ,2025-05-07,2025-05-22,11,8.71,7.99,-8.57,69.6,SCORE_DROP,chaos,chaos_spring
000510.SZ,2025-05-20,2025-05-22,2,5.85,4.88,-16.88,70.3,STOP_LOSS,chaos,chaos_spring
000524.SZ,2025-05-20,2025-05-23,3,13.66,11.87,-13.4,72.9,STOP_LOSS,chaos,chaos_spring
603629.SH,2025-04-09,2025-05-26,30,21.56,23.15,7.07,69.5,SCORE_DROP,autumn,chaos
000519.SZ,2025-04-10,2025-05-26,29,17.31,16.61,-4.34,65.0,SCORE_DROP,chaos,chaos
688668.SH,2025-04-15,2025-05-26,26,39.62,47.99,20.83,65.2,SCORE_DROP,chaos_autumn,chaos
001696.SZ,2025-05-07,2025-05-26,13,23.93,22.27,-7.24,74.3,SCORE_DROP,chaos,chaos
002475.SZ,2025-04-08,2025-05-27,32,29.0,30.52,4.94,62.0,SCORE_DROP,autumn,chaos
000048.SZ,2025-05-12,2025-05-27,11,17.02,15.83,-7.29,68.7,SCORE_DROP,chaos_spring,chaos
000301.SZ,2025-05-13,2025-05-27,10,9.42,8.71,-7.84,65.9,SCORE_DROP,chaos_spring,chaos
301068.SZ,2025-04-17,2025-05-28,26,35.4,28.91,-18.63,65.2,STOP_LOSS,chaos_autumn,chaos
000681.SZ,2025-05-06,2025-05-28,16,20.86,19.83,-5.24,68.5,SCORE_DROP,chaos,chaos
300750.SZ,2025-05-12,2025-05-28,12,257.0,253.6,-1.62,68.5,SCORE_DROP,chaos_spring,chaos
002456.SZ,2025-05-20,2025-05-28,6,13.35,11.87,-11.39,67.3,SCORE_DROP,chaos,chaos
000507.SZ,2025-05-21,2025-05-28,5,6.13,5.48,-10.9,63.8,SCORE_DROP,chaos,chaos
300502.SZ,2025-05-26,2025-05-28,2,115.76,84.62,-27.2,74.3,STOP_LOSS,chaos,chaos
601179.SH,2025-03-24,2025-05-30,45,6.78,6.23,-8.41,63.2,MAX_HOLD,chaos,chaos
002028.SZ,2025-05-22,2025-05-30,6,77.11,72.03,-6.89,66.8,SCORE_DROP,chaos_spring,chaos
000510.SZ,2025-05-27,2025-05-30,3,6.27,5.48,-12.9,64.3,STOP_LOSS,chaos,chaos
000719.SZ,2025-03-25,2025-06-03,45,11.38,13.14,15.17,65.9,MAX_HOLD,chaos,chaos
301396.SZ,2025-05-23,2025-06-03,6,61.34,61.35,-0.28,63.2,SCORE_DROP,chaos_spring,chaos
688072.SH,2025-04-28,2025-06-04,23,161.53,142.1,-12.33,66.1,STOP_LOSS,chaos,chaos
000422.SZ,2025-05-19,2025-06-04,11,13.21,12.13,-8.48,70.6,SCORE_DROP,chaos,chaos
000006.SZ,2025-05-27,2025-06-04,5,7.24,6.74,-7.21,64.8,SCORE_DROP,chaos,chaos
002371.SZ,2025-03-27,2025-06-05,45,430.4,429.63,-0.48,66.9,MAX_HOLD,chaos,chaos
000333.SZ,2025-05-21,2025-06-05,10,78.8,75.25,-4.81,64.9,SCORE_DROP,chaos,chaos
000538.SZ,2025-03-28,2025-06-06,45,56.35,56.6,0.14,62.2,MAX_HOLD,chaos,chaos
600025.SH,2025-03-31,2025-06-09,45,9.16,9.7,5.6,63.7,MAX_HOLD,chaos,chaos_spring
000026.SZ,2025-05-09,2025-06-10,21,11.62,12.45,6.84,72.2,SCORE_DROP,chaos,chaos_spring
000859.SZ,2025-05-19,2025-06-10,15,7.3,7.06,-3.59,69.6,SCORE_DROP,chaos,chaos_spring
300014.SZ,2025-05-14,2025-06-11,19,46.32,43.91,-5.5,69.2,SCORE_DROP,chaos_spring,chaos_spring
600900.SH,2025-04-03,2025-06-12,45,28.4,30.19,6.0,64.3,MAX_HOLD,chaos,chaos_spring
605060.SH,2025-04-07,2025-06-13,45,16.79,18.13,7.68,70.5,MAX_HOLD,autumn,chaos_spring
002580.SZ,2025-04-07,2025-06-13,45,11.66,13.31,13.85,62.9,MAX_HOLD,autumn,chaos_spring
600171.SH,2025-04-14,2025-06-13,40,36.79,32.31,-12.48,73.5,STOP_LOSS,chaos_autumn,chaos_spring
603223.SH,2025-04-17,2025-06-13,37,8.77,9.59,9.05,64.1,SCORE_DROP,chaos_autumn,chaos_spring
688150.SH,2025-04-24,2025-06-13,32,22.51,22.84,1.17,69.9,SCORE_DROP,chaos,chaos_spring
002861.SZ,2025-04-30,2025-06-13,28,14.53,14.24,-2.3,72.1,SCORE_DROP,chaos,chaos_spring
000633.SZ,2025-05-13,2025-06-13,22,5.5,5.96,8.06,66.4,SCORE_DROP,chaos_spring,chaos_spring
000729.SZ,2025-05-22,2025-06-13,15,13.58,12.34,-9.43,80.0,SCORE_DROP,chaos_spring,chaos_spring
002851.SZ,2025-04-08,2025-06-16,45,45.97,48.48,5.16,62.5,MAX_HOLD,autumn,chaos
688396.SH,2025-04-16,2025-06-16,39,47.3,44.98,-5.2,64.3,SCORE_DROP,chaos_autumn,chaos
688728.SH,2025-04-23,2025-06-16,34,14.51,14.45,-0.71,69.9,SCORE_DROP,chaos,chaos
300383.SZ,2025-06-09,2025-06-16,5,13.99,13.08,-6.8,67.7,SCORE_DROP,chaos_spring,chaos
688037.SH,2025-04-09,2025-06-17,45,96.82,94.37,-2.83,67.9,MAX_HOLD,autumn,chaos
600561.SH,2025-05-30,2025-06-17,11,6.53,6.47,-1.22,67.5,SCORE_DROP,chaos,chaos
603228.SH,2025-06-04,2025-06-17,9,33.03,31.05,-6.29,63.5,SCORE_DROP,chaos,chaos
601138.SH,2025-04-10,2025-06-18,45,17.96,21.16,17.52,65.9,MAX_HOLD,chaos,chaos
002344.SZ,2025-04-22,2025-06-18,37,4.27,4.18,-2.41,67.2,SCORE_DROP,chaos,chaos
002329.SZ,2025-05-15,2025-06-18,23,3.4,3.44,0.88,66.5,SCORE_DROP,chaos_spring,chaos
000545.SZ,2025-05-27,2025-06-18,15,2.57,2.38,-7.69,64.8,SCORE_DROP,chaos,chaos
001318.SZ,2025-05-28,2025-06-18,14,14.08,12.82,-9.25,64.2,SCORE_DROP,chaos,chaos
000524.SZ,2025-06-10,2025-06-18,6,12.41,11.63,-6.59,65.2,SCORE_DROP,chaos_spring,chaos
600118.SH,2025-04-11,2025-06-19,45,26.4,26.57,0.34,67.9,MAX_HOLD,chaos,chaos
000007.SZ,2025-04-22,2025-06-19,38,6.69,7.55,12.56,66.2,SCORE_DROP,chaos,chaos
001896.SZ,2025-04-25,2025-06-19,35,4.33,4.43,2.01,68.3,SCORE_DROP,chaos,chaos
600268.SH,2025-04-25,2025-06-19,35,7.29,7.47,2.17,66.7,SCORE_DROP,chaos,chaos
000665.SZ,2025-04-30,2025-06-19,32,4.93,5.01,1.32,66.4,SCORE_DROP,chaos,chaos
603569.SH,2025-05-14,2025-06-19,25,8.55,7.52,-12.35,74.3,STOP_LOSS,chaos_spring,chaos
000532.SZ,2025-05-23,2025-06-19,18,15.23,14.22,-6.93,65.4,SCORE_DROP,chaos_spring,chaos
300586.SZ,2025-05-26,2025-06-19,17,9.44,9.36,-1.15,68.6,SCORE_DROP,chaos,chaos
002278.SZ,2025-05-28,2025-06-19,15,8.91,8.36,-6.47,66.8,SCORE_DROP,chaos,chaos
000426.SZ,2025-06-12,2025-06-19,5,16.68,15.39,-8.03,63.0,SCORE_DROP,chaos_spring,chaos
002378.SZ,2025-05-15,2025-06-20,25,8.0,7.69,-4.17,67.9,SCORE_DROP,chaos_spring,chaos
688158.SH,2025-06-06,2025-06-20,10,23.82,20.66,-13.57,71.7,STOP_LOSS,chaos,chaos
002335.SZ,2025-06-06,2025-06-20,10,43.5,38.88,-10.92,68.0,SCORE_DROP,chaos,chaos
001316.SZ,2025-06-11,2025-06-20,7,46.51,41.95,-10.1,67.2,SCORE_DROP,chaos_spring,chaos
300115.SZ,2025-06-16,2025-06-23,5,21.3,20.14,-5.75,63.8,SCORE_DROP,chaos,chaos
688082.SH,2025-04-16,2025-06-24,45,103.9,110.91,6.45,63.6,MAX_HOLD,chaos_autumn,chaos
601126.SH,2025-04-18,2025-06-26,45,16.53,16.12,-2.78,65.2,MAX_HOLD,chaos_autumn,chaos_spring
688313.SH,2025-04-18,2025-06-26,45,15.6,36.69,134.89,63.8,MAX_HOLD,chaos_autumn,chaos_spring
600007.SH,2025-06-12,2025-06-26,10,22.42,20.47,-9.0,63.7,SCORE_DROP,chaos_spring,chaos_spring
688362.SH,2025-04-21,2025-06-27,45,28.4,29.8,4.63,70.3,MAX_HOLD,chaos,chaos_spring
300476.SZ,2025-04-21,2025-06-27,45,82.4,132.5,60.5,67.6,MAX_HOLD,chaos,chaos_spring
001222.SZ,2025-04-24,2025-06-27,42,15.69,19.49,23.92,68.8,SCORE_DROP,chaos,chaos_spring
600064.SH,2025-04-22,2025-06-30,45,7.35,7.71,4.6,67.1,MAX_HOLD,chaos,chaos_spring
000021.SZ,2025-04-23,2025-07-01,45,17.59,18.73,6.18,75.5,MAX_HOLD,chaos,chaos_spring
000055.SZ,2025-04-25,2025-07-03,45,4.31,4.28,-1.0,67.3,MAX_HOLD,chaos,chaos
002371.SZ,2025-06-05,2025-07-03,20,429.63,328.17,-23.92,70.0,STOP_LOSS,chaos,chaos
001309.SZ,2025-06-05,2025-07-03,20,122.87,118.3,-4.02,69.2,SCORE_DROP,chaos,chaos
688120.SH,2025-06-23,2025-07-03,8,164.6,108.43,-34.43,63.4,STOP_LOSS,chaos,chaos
600023.SH,2025-04-28,2025-07-04,45,5.84,5.58,-4.75,65.8,MAX_HOLD,chaos,chaos
000415.SZ,2025-04-29,2025-07-07,45,3.04,3.39,11.21,78.7,MAX_HOLD,chaos,chaos_spring
300124.SZ,2025-04-29,2025-07-07,45,67.12,62.32,-7.45,69.1,MAX_HOLD,chaos,chaos_spring
300223.SZ,2025-04-29,2025-07-07,45,66.76,66.04,-1.38,65.5,MAX_HOLD,chaos,chaos_spring
000676.SZ,2025-05-06,2025-07-09,45,8.21,8.97,8.96,69.6,MAX_HOLD,chaos,chaos_spring
600489.SH,2025-06-13,2025-07-09,18,14.98,13.78,-8.31,66.4,SCORE_DROP,chaos_spring,chaos_spring
000570.SZ,2025-05-07,2025-07-10,45,5.54,5.84,5.12,71.2,MAX_HOLD,chaos,summer
000927.SZ,2025-05-08,2025-07-11,45,2.58,2.69,3.96,72.0,MAX_HOLD,chaos,summer
002357.SZ,2025-05-08,2025-07-11,45,8.04,9.5,17.86,71.0,MAX_HOLD,chaos,summer
000657.SZ,2025-05-09,2025-07-14,45,10.37,12.68,21.98,71.7,MAX_HOLD,chaos,summer
000421.SZ,2025-05-09,2025-07-14,45,6.17,6.79,9.75,69.6,MAX_HOLD,chaos,summer
000430.SZ,2025-05-21,2025-07-14,37,7.63,7.5,-2.0,64.2,SCORE_DROP,chaos,summer
688521.SH,2025-05-30,2025-07-14,30,87.31,86.0,-1.8,62.8,SCORE_DROP,chaos,summer
600023.SH,2025-07-04,2025-07-14,6,5.58,5.16,-7.83,69.5,SCORE_DROP,chaos,summer
002074.SZ,2025-05-12,2025-07-15,45,24.15,29.4,21.44,69.7,MAX_HOLD,chaos_spring,chaos_spring
000020.SZ,2025-06-18,2025-07-15,19,15.16,13.26,-12.83,67.5,STOP_LOSS,chaos,chaos_spring
600879.SH,2025-05-13,2025-07-16,45,9.68,9.89,1.87,66.9,MAX_HOLD,chaos_spring,chaos_spring
002015.SZ,2025-06-17,2025-07-16,21,11.78,12.49,5.73,68.9,SCORE_DROP,chaos,chaos_spring
000026.SZ,2025-07-02,2025-07-16,10,18.16,16.41,-9.94,69.0,SCORE_DROP,chaos,chaos_spring
601319.SH,2025-05-14,2025-07-17,45,8.24,8.36,1.16,70.4,MAX_HOLD,chaos_spring,chaos_spring
000089.SZ,2025-05-15,2025-07-18,45,7.11,7.05,-1.14,66.8,MAX_HOLD,chaos_spring,summer
301068.SZ,2025-06-27,2025-07-18,15,33.48,30.4,-9.5,70.2,SCORE_DROP,chaos_spring,summer
000558.SZ,2025-05-16,2025-07-21,45,4.13,4.77,15.2,70.3,MAX_HOLD,chaos_spring,summer
000626.SZ,2025-05-16,2025-07-21,45,6.28,7.61,20.88,65.2,MAX_HOLD,chaos_spring,summer
600172.SH,2025-05-16,2025-07-21,45,3.97,4.33,8.77,64.7,MAX_HOLD,chaos_spring,summer
000014.SZ,2025-05-19,2025-07-22,45,11.88,12.04,1.05,70.3,MAX_HOLD,chaos,summer
301176.SZ,2025-06-19,2025-07-22,23,25.48,32.45,27.05,69.1,SCORE_DROP,chaos,summer
000607.SZ,2025-06-03,2025-07-23,36,3.97,4.85,21.87,64.0,SCORE_DROP,chaos,summer
688388.SH,2025-06-25,2025-07-23,20,19.86,19.95,0.15,67.9,SCORE_DROP,chaos_spring,summer
603002.SH,2025-07-03,2025-07-23,14,6.78,6.61,-2.81,67.3,SCORE_DROP,chaos,summer
001270.SZ,2025-07-03,2025-07-23,14,39.81,38.33,-4.02,66.5,SCORE_DROP,chaos,summer
300763.SZ,2025-07-09,2025-07-23,10,63.04,58.15,-8.06,66.9,SCORE_DROP,chaos_spring,summer
002130.SZ,2025-06-09,2025-07-24,33,22.08,23.42,5.77,70.0,SCORE_DROP,chaos_spring,summer
688498.SH,2025-06-20,2025-07-24,24,166.8,195.06,16.64,65.2,SCORE_DROP,chaos,summer
688126.SH,2025-05-22,2025-07-25,45,18.62,19.4,3.89,65.1,MAX_HOLD,chaos_spring,summer
001896.SZ,2025-07-07,2025-07-25,14,5.39,5.57,3.04,69.2,SCORE_DROP,chaos_spring,summer
600459.SH,2025-05-23,2025-07-28,45,14.42,16.29,12.67,62.5,MAX_HOLD,chaos_spring,chaos_spring
603223.SH,2025-06-30,2025-07-28,20,10.61,10.0,-6.05,71.6,SCORE_DROP,chaos_spring,chaos_spring
300442.SZ,2025-05-26,2025-07-29,45,45.18,51.15,12.91,65.8,MAX_HOLD,chaos,chaos_spring
000545.SZ,2025-07-15,2025-07-29,10,3.05,2.73,-10.79,68.1,SCORE_DROP,chaos_spring,chaos_spring
000157.SZ,2025-07-22,2025-07-29,5,8.39,7.57,-10.07,67.6,SCORE_DROP,summer,chaos_spring
300502.SZ,2025-05-28,2025-07-31,45,84.62,189.21,123.3,60.7,MAX_HOLD,chaos,chaos_spring
000655.SZ,2025-07-08,2025-07-31,17,8.07,8.12,0.32,68.5,SCORE_DROP,chaos_spring,chaos_spring
300383.SZ,2025-07-15,2025-07-31,12,15.96,14.56,-9.07,69.0,SCORE_DROP,chaos_spring,chaos_spring
600489.SH,2025-07-23,2025-07-31,6,15.89,14.32,-10.18,68.6,SCORE_DROP,summer,chaos_spring
002463.SZ,2025-05-29,2025-08-01,45,31.23,53.85,72.13,68.8,MAX_HOLD,chaos,chaos
002281.SZ,2025-05-29,2025-08-01,45,42.16,50.16,18.68,66.1,MAX_HOLD,chaos,chaos
605589.SH,2025-05-29,2025-08-01,45,26.55,31.82,19.55,65.1,MAX_HOLD,chaos,chaos
603308.SH,2025-06-10,2025-08-01,38,22.4,25.82,14.97,65.9,SCORE_DROP,chaos_spring,chaos
688027.SH,2025-05-30,2025-08-04,45,258.87,270.75,4.29,63.4,MAX_HOLD,chaos,chaos_spring
000719.SZ,2025-06-03,2025-08-05,45,13.14,13.17,-0.07,65.2,MAX_HOLD,chaos,chaos_spring
688385.SH,2025-06-03,2025-08-05,45,47.61,52.44,9.84,64.0,MAX_HOLD,chaos,chaos_spring
002384.SZ,2025-06-05,2025-08-05,43,31.1,52.44,68.32,68.4,SCORE_DROP,chaos,chaos_spring
001318.SZ,2025-07-30,2025-08-05,4,16.49,14.37,-13.16,68.0,STOP_LOSS,chaos_spring,chaos_spring
300570.SZ,2025-06-04,2025-08-06,45,78.23,117.47,49.86,65.6,MAX_HOLD,chaos,chaos_spring
301071.SZ,2025-06-04,2025-08-06,45,31.54,30.67,-3.06,63.3,MAX_HOLD,chaos,chaos_spring
600438.SH,2025-07-10,2025-08-06,19,20.81,20.42,-2.17,64.8,SCORE_DROP,summer,chaos_spring
600875.SH,2025-07-21,2025-08-07,13,19.62,19.89,1.08,67.4,SCORE_DROP,summer,chaos_spring
688668.SH,2025-06-06,2025-08-08,45,55.5,91.79,65.09,68.4,MAX_HOLD,chaos,chaos_spring
000513.SZ,2025-07-16,2025-08-08,17,42.47,40.0,-6.12,66.8,SCORE_DROP,chaos_spring,chaos_spring
300870.SZ,2025-06-09,2025-08-11,45,112.16,163.38,45.37,69.5,MAX_HOLD,chaos_spring,chaos_spring
688082.SH,2025-06-24,2025-08-11,34,110.91,113.74,2.25,68.8,SCORE_DROP,chaos,chaos_spring
002357.SZ,2025-07-23,2025-08-11,13,10.88,10.14,-7.1,69.1,SCORE_DROP,summer,chaos_spring
603019.SH,2025-06-10,2025-08-12,45,68.09,69.13,1.23,65.9,MAX_HOLD,chaos_spring,chaos_spring
603228.SH,2025-07-03,2025-08-12,28,43.18,57.81,33.58,66.3,SCORE_DROP,chaos,chaos_spring
000156.SZ,2025-06-11,2025-08-13,45,7.99,8.38,4.58,65.5,MAX_HOLD,chaos_spring,chaos_spring
603236.SH,2025-06-11,2025-08-13,45,78.15,86.8,10.77,63.1,MAX_HOLD,chaos_spring,chaos_spring
000558.SZ,2025-07-21,2025-08-13,17,4.77,5.72,19.62,68.1,SCORE_DROP,summer,chaos_spring
300308.SZ,2025-06-12,2025-08-14,45,116.0,239.47,106.14,64.8,MAX_HOLD,chaos_spring,summer
002329.SZ,2025-07-07,2025-08-14,28,3.66,3.72,1.34,67.9,SCORE_DROP,chaos_spring,summer
301068.SZ,2025-08-07,2025-08-14,5,33.54,30.51,-9.33,67.0,SCORE_DROP,chaos_spring,summer
000852.SZ,2025-06-13,2025-08-15,45,6.89,6.95,0.57,64.4,MAX_HOLD,chaos_spring,summer
600900.SH,2025-06-13,2025-08-15,45,30.62,27.63,-10.06,63.2,MAX_HOLD,chaos_spring,summer
605060.SH,2025-06-16,2025-08-18,45,18.55,26.4,42.02,70.4,MAX_HOLD,chaos,summer
002851.SZ,2025-06-16,2025-08-18,45,48.48,78.52,61.66,69.4,MAX_HOLD,chaos,summer
688170.SH,2025-07-18,2025-08-18,21,29.82,35.55,18.92,67.0,SCORE_DROP,summer,summer
688037.SH,2025-06-17,2025-08-19,45,94.37,122.0,28.98,66.9,MAX_HOLD,chaos,summer
688525.SH,2025-06-17,2025-08-19,45,61.82,67.21,8.42,66.6,MAX_HOLD,chaos,summer
002916.SZ,2025-06-18,2025-08-20,45,103.6,142.71,37.45,70.8,MAX_HOLD,chaos,chaos_spring
601138.SH,2025-06-18,2025-08-20,45,21.16,47.91,126.12,68.4,MAX_HOLD,chaos,chaos_spring
000519.SZ,2025-06-19,2025-08-21,45,18.22,21.95,20.17,69.8,MAX_HOLD,chaos,chaos_spring
601869.SH,2025-06-19,2025-08-21,45,37.1,56.39,51.69,65.3,MAX_HOLD,chaos,chaos_spring
002851.SZ,2025-08-18,2025-08-21,3,78.52,68.42,-13.16,74.6,STOP_LOSS,summer,chaos_spring
000729.SZ,2025-06-20,2025-08-22,45,13.15,12.7,-3.72,65.2,MAX_HOLD,chaos,summer
688072.SH,2025-06-20,2025-08-22,45,146.5,182.17,24.05,64.1,MAX_HOLD,chaos,summer
300586.SZ,2025-06-26,2025-08-22,41,10.27,12.2,18.49,68.2,SCORE_DROP,chaos_spring,summer
600118.SH,2025-06-23,2025-08-25,45,26.96,33.3,23.22,65.9,MAX_HOLD,chaos,summer
002580.SZ,2025-06-23,2025-08-25,45,13.86,14.77,6.27,64.4,MAX_HOLD,chaos,summer
301308.SZ,2025-06-24,2025-08-26,45,81.9,98.71,20.23,68.4,MAX_HOLD,chaos,summer
301377.SZ,2025-06-24,2025-08-26,45,32.77,75.31,129.51,66.6,MAX_HOLD,chaos,summer
000011.SZ,2025-08-12,2025-08-26,10,10.52,9.56,-9.43,66.6,SCORE_DROP,chaos_spring,summer
300033.SZ,2025-06-25,2025-08-27,45,289.77,400.17,37.8,72.1,MAX_HOLD,chaos_spring,chaos_spring
688728.SH,2025-06-25,2025-08-27,45,15.5,17.5,12.6,67.9,MAX_HOLD,chaos_spring,chaos_spring
000153.SZ,2025-07-28,2025-08-27,22,7.61,6.75,-11.6,68.5,SCORE_DROP,chaos_spring,chaos_spring
688630.SH,2025-08-08,2025-08-27,13,135.0,124.54,-8.05,66.1,SCORE_DROP,chaos_spring,chaos_spring
000026.SZ,2025-08-11,2025-08-27,12,19.49,18.3,-6.41,66.1,SCORE_DROP,chaos_spring,chaos_spring
688313.SH,2025-06-26,2025-08-28,45,36.69,86.17,134.56,73.2,MAX_HOLD,chaos_spring,chaos_spring
000652.SZ,2025-06-26,2025-08-28,45,4.22,4.41,4.2,68.3,MAX_HOLD,chaos_spring,chaos_spring
000526.SZ,2025-07-16,2025-08-28,31,52.58,48.97,-7.17,65.2,SCORE_DROP,chaos_spring,chaos_spring
688362.SH,2025-06-27,2025-08-29,45,29.8,37.08,24.13,80.9,MAX_HOLD,chaos_spring,chaos_spring
300476.SZ,2025-06-27,2025-08-29,45,132.5,267.29,101.43,71.1,MAX_HOLD,chaos_spring,chaos_spring
600172.SH,2025-07-22,2025-08-29,28,4.54,4.65,2.12,69.1,SCORE_DROP,summer,chaos_spring
688048.SH,2025-06-30,2025-09-01,45,57.74,84.21,45.54,71.4,MAX_HOLD,chaos_spring,summer
002185.SZ,2025-06-30,2025-09-01,45,10.1,11.9,17.52,70.7,MAX_HOLD,chaos_spring,summer
000021.SZ,2025-07-01,2025-09-02,45,18.73,20.87,11.13,80.0,MAX_HOLD,chaos_spring,summer
002156.SZ,2025-07-01,2025-09-02,45,25.9,34.14,31.51,71.9,MAX_HOLD,chaos_spring,summer
600171.SH,2025-07-01,2025-09-02,45,35.19,36.46,3.31,71.8,MAX_HOLD,chaos_spring,summer
601126.SH,2025-07-09,2025-09-02,39,17.12,16.52,-3.8,67.4,SCORE_DROP,chaos_spring,summer
000032.SZ,2025-07-11,2025-09-02,37,21.19,23.2,9.19,63.0,SCORE_DROP,summer,summer
300499.SZ,2025-07-18,2025-09-02,32,19.05,28.96,51.72,66.3,SCORE_DROP,summer,summer
300474.SZ,2025-07-28,2025-09-02,26,79.97,81.55,1.68,68.4,SCORE_DROP,chaos_spring,summer
300870.SZ,2025-08-11,2025-09-02,16,163.38,227.11,38.71,68.5,SCORE_DROP,chaos_spring,summer
000014.SZ,2025-08-12,2025-09-02,15,14.25,13.98,-2.19,72.5,SCORE_DROP,chaos_spring,summer
000066.SZ,2025-08-14,2025-09-02,13,18.13,17.16,-5.65,66.1,SCORE_DROP,summer,summer
600176.SH,2025-07-02,2025-09-03,45,11.93,14.84,24.09,68.3,MAX_HOLD,chaos,summer
688150.SH,2025-07-02,2025-09-03,45,25.55,24.82,-3.16,67.0,MAX_HOLD,chaos,summer
000532.SZ,2025-07-09,2025-09-03,40,15.64,14.7,-6.31,66.2,SCORE_DROP,chaos_spring,summer
600268.SH,2025-07-14,2025-09-03,37,8.86,9.6,8.05,70.1,SCORE_DROP,summer,summer
688158.SH,2025-07-16,2025-09-03,35,23.57,25.19,6.57,66.9,SCORE_DROP,chaos_spring,summer
002046.SZ,2025-07-21,2025-09-03,32,17.92,32.1,78.83,66.6,SCORE_DROP,summer,summer
300455.SZ,2025-08-05,2025-09-03,21,17.03,17.01,-0.42,69.1,SCORE_DROP,chaos_spring,summer
600879.SH,2025-08-06,2025-09-03,20,11.07,10.49,-5.54,66.5,SCORE_DROP,chaos_spring,summer
000633.SZ,2025-08-08,2025-09-03,18,6.6,6.45,-2.57,70.9,SCORE_DROP,chaos_spring,summer
688027.SH,2025-08-25,2025-09-03,7,322.5,294.47,-8.99,69.5,SCORE_DROP,summer,summer
603629.SH,2025-07-04,2025-09-04,44,23.88,23.49,-1.93,68.7,SCORE_DROP,chaos,chaos_spring
600183.SH,2025-07-10,2025-09-04,40,34.15,46.37,35.48,66.0,SCORE_DROP,summer,chaos_spring
688012.SH,2025-07-23,2025-09-04,31,198.51,195.4,-1.87,70.9,SCORE_DROP,summer,chaos_spring
002049.SZ,2025-07-29,2025-09-04,27,73.2,72.98,-0.6,72.9,SCORE_DROP,chaos_spring,chaos_spring
688107.SH,2025-07-29,2025-09-04,27,29.98,29.03,-3.47,68.3,SCORE_DROP,chaos_spring,chaos_spring
002222.SZ,2025-07-30,2025-09-04,26,39.18,40.84,3.94,66.8,SCORE_DROP,chaos_spring,chaos_spring
688800.SH,2025-08-01,2025-09-04,24,64.1,70.52,9.72,68.1,SCORE_DROP,chaos,chaos_spring
300570.SZ,2025-08-07,2025-09-04,20,125.21,107.85,-14.16,69.1,STOP_LOSS,chaos_spring,chaos_spring
001270.SZ,2025-08-08,2025-09-04,19,43.1,41.99,-2.88,66.8,SCORE_DROP,chaos_spring,chaos_spring
605111.SH,2025-08-13,2025-09-04,16,34.0,32.85,-3.68,66.9,SCORE_DROP,chaos_spring,chaos_spring
300442.SZ,2025-08-15,2025-09-04,14,52.42,49.96,-4.99,67.8,SCORE_DROP,summer,chaos_spring
603002.SH,2025-08-15,2025-09-04,14,7.87,7.59,-3.86,67.4,SCORE_DROP,summer,chaos_spring
688037.SH,2025-08-19,2025-09-04,12,122.0,115.8,-5.38,79.9,SCORE_DROP,summer,chaos_spring
000977.SZ,2025-08-20,2025-09-04,11,65.95,58.98,-10.87,70.0,SCORE_DROP,chaos_spring,chaos_spring
301308.SZ,2025-08-26,2025-09-04,7,98.71,86.88,-12.28,72.4,SCORE_DROP,summer,chaos_spring
688313.SH,2025-08-28,2025-09-04,5,86.17,70.9,-18.02,81.2,STOP_LOSS,chaos_spring,chaos_spring
002922.SZ,2025-08-29,2025-09-04,4,23.28,20.1,-13.96,68.6,STOP_LOSS,chaos_spring,chaos_spring
600064.SH,2025-07-04,2025-09-05,45,7.8,7.9,0.98,66.2,MAX_HOLD,chaos,chaos_spring
300033.SZ,2025-08-28,2025-09-05,6,407.2,361.5,-11.52,71.0,SCORE_DROP,chaos_spring,chaos_spring
000415.SZ,2025-07-07,2025-09-08,45,3.39,3.57,5.01,77.0,MAX_HOLD,chaos_spring,chaos_spring
688256.SH,2025-07-17,2025-09-08,37,582.4,1212.78,107.94,66.7,SCORE_DROP,chaos_spring,chaos_spring
000681.SZ,2025-07-31,2025-09-08,27,21.54,20.96,-2.99,65.8,SCORE_DROP,chaos_spring,chaos_spring
688676.SH,2025-08-04,2025-09-08,25,42.16,50.42,19.29,65.3,SCORE_DROP,chaos_spring,chaos_spring
688668.SH,2025-08-11,2025-09-08,20,94.0,107.0,13.53,67.5,SCORE_DROP,chaos_spring,chaos_spring
301165.SZ,2025-08-19,2025-09-08,14,83.5,84.0,0.3,68.9,SCORE_DROP,summer,chaos_spring
000676.SZ,2025-08-21,2025-09-08,12,9.89,10.2,2.83,69.6,SCORE_DROP,chaos_spring,chaos_spring
688728.SH,2025-08-27,2025-09-08,8,17.5,15.85,-9.73,74.4,SCORE_DROP,chaos_spring,chaos_spring
002185.SZ,2025-09-01,2025-09-08,5,11.9,10.96,-8.2,71.6,SCORE_DROP,summer,chaos_spring
300223.SZ,2025-07-08,2025-09-09,45,67.31,71.62,6.1,71.3,MAX_HOLD,chaos_spring,chaos_spring
002129.SZ,2025-07-08,2025-09-09,45,8.23,8.71,5.53,68.6,MAX_HOLD,chaos_spring,chaos_spring
002281.SZ,2025-08-06,2025-09-09,24,51.42,58.65,13.76,64.7,SCORE_DROP,chaos_spring,chaos_spring
301396.SZ,2025-08-15,2025-09-09,17,59.96,68.03,13.16,67.2,SCORE_DROP,summer,chaos_spring
688072.SH,2025-08-22,2025-09-09,12,182.17,169.46,-7.28,76.5,SCORE_DROP,summer,chaos_spring
002851.SZ,2025-08-26,2025-09-09,10,78.21,71.66,-8.67,72.1,SCORE_DROP,summer,chaos_spring
002378.SZ,2025-07-22,2025-09-10,36,9.0,13.51,49.81,68.8,SCORE_DROP,summer,chaos_spring
688343.SH,2025-07-30,2025-09-10,30,56.33,81.95,45.18,67.4,SCORE_DROP,chaos_spring,chaos_spring
000938.SZ,2025-08-20,2025-09-10,15,27.71,26.51,-4.63,71.1,SCORE_DROP,chaos_spring,chaos_spring
688126.SH,2025-08-28,2025-09-10,9,21.18,19.83,-6.67,71.6,SCORE_DROP,chaos_spring,chaos_spring
002344.SZ,2025-07-10,2025-09-11,45,4.54,4.54,-0.3,67.8,MAX_HOLD,summer,chaos_spring
000927.SZ,2025-07-11,2025-09-12,45,2.69,2.77,2.67,70.3,MAX_HOLD,summer,chaos_spring
000709.SZ,2025-07-11,2025-09-12,45,2.4,2.5,3.87,63.1,MAX_HOLD,summer,chaos_spring
000657.SZ,2025-07-14,2025-09-15,45,12.68,19.11,50.41,67.8,MAX_HOLD,summer,chaos_spring
000570.SZ,2025-07-14,2025-09-15,45,5.95,5.78,-3.16,66.3,MAX_HOLD,summer,chaos_spring
002028.SZ,2025-07-15,2025-09-16,45,82.58,93.14,12.49,72.1,MAX_HOLD,chaos_spring,chaos_spring
002335.SZ,2025-07-17,2025-09-18,45,43.89,69.99,59.17,67.0,MAX_HOLD,chaos_spring,chaos_spring
300124.SZ,2025-07-17,2025-09-18,45,65.13,82.6,26.52,65.6,MAX_HOLD,chaos_spring,chaos_spring
600301.SH,2025-07-24,2025-09-18,40,23.5,30.48,29.4,68.2,SCORE_DROP,summer,chaos_spring
000665.SZ,2025-07-25,2025-09-18,39,5.7,5.76,0.75,67.8,SCORE_DROP,summer,chaos_spring
001222.SZ,2025-08-04,2025-09-18,33,20.29,23.42,15.13,67.2,SCORE_DROP,chaos_spring,chaos_spring
300827.SZ,2025-09-09,2025-09-18,7,36.97,32.13,-13.39,64.7,STOP_LOSS,chaos_spring,chaos_spring
000422.SZ,2025-07-18,2025-09-19,45,13.03,13.71,4.92,68.5,MAX_HOLD,summer,chaos_spring
002580.SZ,2025-09-03,2025-09-19,12,15.11,14.31,-5.59,70.2,SCORE_DROP,summer,chaos_spring
000545.SZ,2025-08-14,2025-09-22,27,3.22,3.31,2.5,68.2,SCORE_DROP,summer,chaos_spring
000524.SZ,2025-08-19,2025-09-22,24,13.18,14.2,7.44,69.1,SCORE_DROP,summer,chaos_spring
000558.SZ,2025-08-27,2025-09-22,18,6.07,6.18,1.51,69.1,SCORE_DROP,chaos_spring,chaos_spring
000607.SZ,2025-09-04,2025-09-22,12,4.82,4.46,-7.77,68.3,SCORE_DROP,chaos_spring,chaos_spring
000630.SZ,2025-07-24,2025-09-23,43,3.74,4.3,14.67,67.5,SCORE_DROP,summer,chaos_spring
600561.SH,2025-08-12,2025-09-23,30,7.47,6.52,-13.02,67.7,STOP_LOSS,chaos_spring,chaos_spring
688170.SH,2025-09-08,2025-09-23,11,47.54,41.83,-12.31,67.7,STOP_LOSS,chaos_spring,chaos_spring
688981.SH,2025-07-24,2025-09-25,45,91.75,134.11,45.87,67.4,MAX_HOLD,summer,chaos_spring
300476.SZ,2025-08-29,2025-09-25,19,267.29,299.4,11.71,68.7,SCORE_DROP,chaos_spring,chaos_spring
688396.SH,2025-07-25,2025-09-26,45,48.28,54.71,13.02,68.0,MAX_HOLD,summer,chaos_spring
688521.SH,2025-07-25,2025-09-26,45,93.03,189.11,102.98,67.5,MAX_HOLD,summer,chaos_spring
600118.SH,2025-08-25,2025-09-26,24,33.3,34.56,3.48,85.1,SCORE_DROP,summer,chaos_spring
002384.SZ,2025-09-10,2025-09-26,12,72.22,68.58,-5.34,66.5,SCORE_DROP,chaos_spring,chaos_spring
688256.SH,2025-09-12,2025-09-26,10,1488.0,1339.0,-10.31,70.6,SCORE_DROP,chaos_spring,chaos_spring
688313.SH,2025-09-19,2025-09-26,5,76.55,70.8,-7.81,71.6,SCORE_DROP,chaos_spring,chaos_spring
002975.SZ,2025-07-28,2025-09-29,45,39.99,60.45,50.86,67.9,MAX_HOLD,chaos_spring,chaos_spring
688195.SH,2025-07-29,2025-09-30,45,47.75,118.24,147.32,68.7,MAX_HOLD,chaos_spring,chaos_spring
300757.SZ,2025-08-13,2025-09-30,34,205.07,262.4,27.66,67.8,SCORE_DROP,chaos_spring,chaos_spring
688800.SH,2025-09-23,2025-09-30,5,84.11,75.12,-10.99,67.5,SCORE_DROP,chaos_spring,chaos_spring
601869.SH,2025-09-09,2025-10-09,16,88.71,97.98,10.15,65.2,SCORE_DROP,chaos_spring,summer
600007.SH,2025-09-17,2025-10-09,10,22.33,20.2,-9.84,69.3,SCORE_DROP,chaos_spring,summer
300502.SZ,2025-07-31,2025-10-10,45,189.21,346.2,82.67,77.4,MAX_HOLD,chaos_spring,summer
002371.SZ,2025-07-31,2025-10-10,45,335.2,437.9,30.34,67.7,MAX_HOLD,chaos_spring,summer
300308.SZ,2025-08-14,2025-10-10,35,239.47,390.0,62.56,66.8,SCORE_DROP,summer,summer
002281.SZ,2025-09-18,2025-10-10,10,69.16,63.09,-9.08,70.0,SCORE_DROP,chaos_spring,summer
688048.SH,2025-09-22,2025-10-10,8,79.2,68.73,-13.52,68.0,STOP_LOSS,chaos_spring,summer
002463.SZ,2025-08-01,2025-10-13,45,53.85,70.5,30.62,69.4,MAX_HOLD,chaos,chaos_spring
605589.SH,2025-08-01,2025-10-13,45,31.82,32.34,1.33,67.0,MAX_HOLD,chaos,chaos_spring
603569.SH,2025-08-04,2025-10-13,44,8.04,8.74,8.41,65.6,SCORE_DROP,chaos_spring,chaos_spring
603501.SH,2025-09-01,2025-10-13,24,145.2,138.32,-5.04,68.8,SCORE_DROP,summer,chaos_spring
002335.SZ,2025-09-19,2025-10-13,10,73.69,66.42,-10.17,68.5,SCORE_DROP,chaos_spring,chaos_spring
300115.SZ,2025-08-05,2025-10-14,44,22.75,33.33,46.21,66.1,SCORE_DROP,chaos_spring,chaos_spring
688498.SH,2025-08-13,2025-10-14,38,280.9,346.5,23.05,65.6,SCORE_DROP,chaos_spring,chaos_spring
601138.SH,2025-08-20,2025-10-14,33,47.91,59.72,24.35,77.6,SCORE_DROP,chaos_spring,chaos_spring
300433.SZ,2025-08-21,2025-10-14,32,28.34,29.29,3.05,69.5,SCORE_DROP,chaos_spring,chaos_spring
002916.SZ,2025-08-25,2025-10-14,30,161.1,196.6,21.74,74.8,SCORE_DROP,summer,chaos_spring
002273.SZ,2025-08-29,2025-10-14,26,27.82,24.51,-12.2,68.9,SCORE_DROP,chaos_spring,chaos_spring
002050.SZ,2025-09-02,2025-10-14,24,33.0,40.16,21.4,68.3,SCORE_DROP,summer,chaos_spring
002074.SZ,2025-09-04,2025-10-14,22,40.6,40.98,0.64,67.6,SCORE_DROP,chaos_spring,chaos_spring
300857.SZ,2025-09-09,2025-10-14,19,115.01,145.99,26.64,67.0,SCORE_DROP,chaos_spring,chaos_spring
002475.SZ,2025-09-11,2025-10-14,17,52.9,55.01,3.69,66.8,SCORE_DROP,chaos_spring,chaos_spring
300750.SZ,2025-09-15,2025-10-14,15,354.7,358.0,0.63,68.5,SCORE_DROP,chaos_spring,chaos_spring
000938.SZ,2025-09-16,2025-10-14,14,29.64,27.87,-6.27,67.9,SCORE_DROP,chaos_spring,chaos_spring
603019.SH,2025-09-16,2025-10-14,14,111.48,105.5,-5.66,67.8,SCORE_DROP,chaos_spring,chaos_spring
688041.SH,2025-09-22,2025-10-14,10,261.21,227.6,-13.17,67.7,STOP_LOSS,chaos_spring,chaos_spring
688521.SH,2025-09-26,2025-10-14,6,189.11,168.24,-11.34,70.1,SCORE_DROP,chaos_spring,chaos_spring
688385.SH,2025-08-05,2025-10-15,45,52.44,61.58,17.13,66.4,MAX_HOLD,chaos_spring,chaos_spring
300763.SZ,2025-09-04,2025-10-15,23,74.37,81.25,8.95,69.2,SCORE_DROP,chaos_spring,chaos_spring
688362.SH,2025-09-12,2025-10-15,17,34.42,32.65,-5.44,67.3,SCORE_DROP,chaos_spring,chaos_spring
002130.SZ,2025-09-23,2025-10-15,10,31.35,28.59,-9.1,69.3,SCORE_DROP,chaos_spring,chaos_spring
002861.SZ,2025-08-06,2025-10-16,45,14.98,17.5,16.52,67.6,MAX_HOLD,chaos_spring,chaos
688099.SH,2025-08-21,2025-10-16,34,87.78,98.5,11.91,69.8,SCORE_DROP,chaos_spring,chaos
300604.SZ,2025-08-27,2025-10-16,30,59.59,85.0,42.34,70.3,SCORE_DROP,chaos_spring,chaos
603629.SH,2025-09-25,2025-10-16,9,26.22,23.43,-10.94,70.4,SCORE_DROP,chaos_spring,chaos
000977.SZ,2025-09-30,2025-10-16,6,74.42,67.41,-9.72,69.5,SCORE_DROP,chaos_spring,chaos
688008.SH,2025-08-07,2025-10-17,45,92.96,138.0,48.15,68.1,MAX_HOLD,chaos_spring,chaos
002236.SZ,2025-08-18,2025-10-17,38,18.19,18.65,2.23,74.7,SCORE_DROP,summer,chaos
600176.SH,2025-09-03,2025-10-17,26,14.84,15.27,2.6,71.1,SCORE_DROP,summer,chaos
000430.SZ,2025-09-08,2025-10-17,23,8.09,7.32,-9.82,69.6,SCORE_DROP,chaos_spring,chaos
688012.SH,2025-09-17,2025-10-17,16,227.2,261.91,14.98,67.7,SCORE_DROP,chaos_spring,chaos
300124.SZ,2025-09-18,2025-10-17,15,82.6,77.59,-6.37,72.0,SCORE_DROP,chaos_spring,chaos
688728.SH,2025-09-24,2025-10-17,11,17.31,15.88,-8.56,74.1,SCORE_DROP,chaos_spring,chaos
600522.SH,2025-09-24,2025-10-17,11,18.15,16.9,-7.19,71.9,SCORE_DROP,chaos_spring,chaos
688120.SH,2025-09-29,2025-10-17,8,167.87,142.1,-15.65,67.8,STOP_LOSS,chaos_spring,chaos
002371.SZ,2025-10-10,2025-10-17,5,437.9,399.43,-9.09,74.0,SCORE_DROP,summer,chaos
688676.SH,2025-10-16,2025-10-17,1,71.65,62.82,-12.62,68.3,STOP_LOSS,chaos,chaos
605060.SH,2025-08-18,2025-10-20,39,26.4,25.42,-4.01,84.9,SCORE_DROP,summer,chaos
688037.SH,2025-09-11,2025-10-20,21,123.77,125.5,1.1,73.5,SCORE_DROP,chaos_spring,chaos
688981.SH,2025-09-25,2025-10-20,11,134.11,122.63,-8.86,74.7,SCORE_DROP,chaos_spring,chaos
002049.SZ,2025-09-25,2025-10-20,11,84.0,80.57,-4.38,71.2,SCORE_DROP,chaos_spring,chaos
300014.SZ,2025-09-03,2025-10-22,29,64.01,77.62,20.96,68.7,SCORE_DROP,summer,chaos_spring
000681.SZ,2025-10-13,2025-10-22,7,24.93,21.43,-14.34,71.3,STOP_LOSS,chaos_spring,chaos_spring
300223.SZ,2025-09-11,2025-10-23,24,74.45,83.37,11.68,71.6,SCORE_DROP,chaos_spring,chaos_spring
688126.SH,2025-09-23,2025-10-23,16,23.78,24.11,1.09,74.8,SCORE_DROP,chaos_spring,chaos_spring
600438.SH,2025-10-16,2025-10-23,5,24.84,22.87,-8.23,66.8,SCORE_DROP,chaos,chaos_spring
000852.SZ,2025-10-23,2025-10-27,2,9.34,7.82,-16.57,68.5,STOP_LOSS,chaos_spring,chaos_spring
600489.SH,2025-09-01,2025-10-28,35,17.57,22.13,25.65,71.7,SCORE_DROP,summer,chaos_spring
000425.SZ,2025-09-30,2025-10-28,14,11.5,10.23,-11.34,68.7,SCORE_DROP,chaos_spring,chaos_spring
000058.SZ,2025-10-13,2025-10-28,11,11.29,9.78,-13.67,68.4,STOP_LOSS,chaos_spring,chaos_spring
000626.SZ,2025-10-15,2025-10-30,11,8.06,8.0,-1.04,68.9,SCORE_DROP,chaos_spring,chaos_spring
000019.SZ,2025-10-23,2025-10-30,5,7.63,6.95,-9.21,67.7,SCORE_DROP,chaos_spring,chaos_spring
000014.SZ,2025-09-10,2025-10-31,31,15.25,18.75,22.65,66.0,SCORE_DROP,chaos_spring,chaos_spring
688396.SH,2025-09-26,2025-10-31,19,54.71,50.74,-7.56,73.9,SCORE_DROP,chaos_spring,chaos_spring
688362.SH,2025-10-24,2025-10-31,5,34.64,32.17,-7.43,71.9,SCORE_DROP,chaos_spring,chaos_spring
688082.SH,2025-08-22,2025-11-03,45,142.21,174.57,22.46,77.5,MAX_HOLD,summer,chaos_spring
688525.SH,2025-08-22,2025-11-03,45,70.7,134.3,89.66,73.7,MAX_HOLD,summer,chaos_spring
000630.SZ,2025-09-29,2025-11-03,19,5.16,5.18,0.09,69.0,SCORE_DROP,chaos_spring,chaos_spring
301071.SZ,2025-10-14,2025-11-03,14,41.1,39.27,-4.75,68.9,SCORE_DROP,chaos_spring,chaos_spring
002371.SZ,2025-10-27,2025-11-03,5,429.1,401.0,-6.85,71.0,SCORE_DROP,chaos_spring,chaos_spring
000006.SZ,2025-09-24,2025-11-04,23,9.27,11.93,28.39,68.0,SCORE_DROP,chaos_spring,chaos
600879.SH,2025-10-09,2025-11-04,18,11.81,10.78,-9.02,69.0,SCORE_DROP,summer,chaos
000729.SZ,2025-08-26,2025-11-05,45,12.84,11.65,-9.57,69.3,MAX_HOLD,summer,chaos
601899.SH,2025-09-05,2025-11-05,37,25.27,29.01,14.5,68.0,SCORE_DROP,chaos_spring,chaos
600172.SH,2025-09-18,2025-11-05,28,5.06,6.28,23.81,70.3,SCORE_DROP,chaos_spring,chaos
688385.SH,2025-10-28,2025-11-05,6,65.97,59.22,-10.53,71.0,SCORE_DROP,chaos_spring,chaos
300033.SZ,2025-10-29,2025-11-05,5,387.2,353.22,-9.08,70.3,SCORE_DROP,summer,chaos
000021.SZ,2025-09-02,2025-11-06,41,20.87,26.94,28.78,71.2,SCORE_DROP,summer,chaos
002156.SZ,2025-09-02,2025-11-07,42,34.14,40.18,17.39,76.4,SCORE_DROP,summer,chaos
688388.SH,2025-09-10,2025-11-10,37,34.2,37.6,9.64,65.8,SCORE_DROP,chaos_spring,chaos
002278.SZ,2025-10-21,2025-11-10,14,11.21,12.12,7.82,67.1,SCORE_DROP,chaos_spring,chaos
002463.SZ,2025-10-27,2025-11-10,10,77.51,67.59,-13.1,69.8,STOP_LOSS,chaos_spring,chaos
300502.SZ,2025-10-21,2025-11-11,15,365.42,326.0,-11.09,70.5,SCORE_DROP,chaos_spring,chaos_spring
301377.SZ,2025-10-23,2025-11-11,13,94.21,107.02,13.3,67.9,SCORE_DROP,chaos_spring,chaos_spring
688111.SH,2025-10-31,2025-11-11,7,358.99,321.8,-10.66,67.4,SCORE_DROP,chaos_spring,chaos_spring
603308.SH,2025-10-16,2025-11-12,19,37.9,37.11,-2.38,67.7,SCORE_DROP,chaos,chaos_spring
601138.SH,2025-10-21,2025-11-12,16,68.0,68.6,0.58,70.7,SCORE_DROP,chaos_spring,chaos_spring
002916.SZ,2025-10-28,2025-11-12,11,224.25,207.6,-7.72,71.5,SCORE_DROP,chaos_spring,chaos_spring
000657.SZ,2025-10-28,2025-11-12,11,22.51,22.76,0.81,71.2,SCORE_DROP,chaos_spring,chaos_spring
300476.SZ,2025-10-30,2025-11-12,9,328.6,288.5,-12.5,68.6,STOP_LOSS,chaos_spring,chaos_spring
688027.SH,2025-09-22,2025-11-13,32,357.0,502.0,40.32,69.6,SCORE_DROP,chaos_spring,chaos_spring
002185.SZ,2025-10-17,2025-11-14,20,12.96,11.41,-12.26,73.5,SCORE_DROP,chaos,chaos_spring
002851.SZ,2025-10-29,2025-11-14,12,80.27,72.45,-10.04,70.2,SCORE_DROP,summer,chaos_spring
300136.SZ,2025-10-30,2025-11-14,11,35.5,31.23,-12.33,69.5,STOP_LOSS,chaos_spring,chaos_spring
002460.SZ,2025-09-05,2025-11-17,45,44.61,74.04,65.67,68.9,MAX_HOLD,chaos_spring,chaos
300001.SZ,2025-09-05,2025-11-17,45,25.28,29.36,15.84,66.9,MAX_HOLD,chaos_spring,chaos
600268.SH,2025-10-10,2025-11-17,26,11.65,11.51,-1.5,71.2,SCORE_DROP,summer,chaos
601611.SH,2025-10-14,2025-11-17,24,11.25,12.14,7.61,67.8,SCORE_DROP,chaos_spring,chaos
000415.SZ,2025-09-08,2025-11-18,45,3.57,3.72,3.9,70.4,MAX_HOLD,chaos_spring,chaos_spring
601126.SH,2025-09-26,2025-11-18,31,19.1,27.28,42.53,69.7,SCORE_DROP,chaos_spring,chaos_spring
002357.SZ,2025-11-04,2025-11-18,10,11.01,10.34,-6.39,69.4,SCORE_DROP,chaos,chaos_spring
600172.SH,2025-11-11,2025-11-18,5,7.62,6.63,-13.29,73.5,STOP_LOSS,chaos_spring,chaos_spring
000619.SZ,2025-11-12,2025-11-18,4,7.87,6.66,-15.67,68.4,STOP_LOSS,chaos_spring,chaos_spring
688676.SH,2025-10-20,2025-11-19,22,64.14,74.85,16.4,65.4,SCORE_DROP,chaos,chaos_spring
688525.SH,2025-11-03,2025-11-19,12,134.3,117.69,-12.67,75.8,STOP_LOSS,chaos_spring,chaos_spring
600089.SH,2025-09-30,2025-11-20,31,17.8,23.21,30.09,68.5,SCORE_DROP,chaos_spring,chaos_spring
603629.SH,2025-10-31,2025-11-20,14,26.77,26.01,-3.14,71.3,SCORE_DROP,chaos_spring,chaos_spring
002922.SZ,2025-11-04,2025-11-20,12,26.92,28.29,4.79,67.3,SCORE_DROP,chaos,chaos_spring
601179.SH,2025-11-06,2025-11-20,10,9.78,8.84,-9.91,68.6,SCORE_DROP,chaos,chaos_spring
301308.SZ,2025-09-12,2025-11-21,44,110.98,239.65,115.64,72.4,SCORE_DROP,chaos_spring,chaos
688072.SH,2025-09-15,2025-11-21,43,189.79,290.0,52.5,69.3,SCORE_DROP,chaos_spring,chaos
000927.SZ,2025-09-16,2025-11-21,42,2.83,2.6,-8.43,67.8,SCORE_DROP,chaos_spring,chaos
001309.SZ,2025-09-17,2025-11-21,41,131.49,222.71,69.07,68.3,SCORE_DROP,chaos_spring,chaos
600118.SH,2025-09-29,2025-11-21,33,35.76,39.85,11.14,69.3,SCORE_DROP,chaos_spring,chaos
002129.SZ,2025-10-09,2025-11-21,31,9.47,9.29,-2.2,70.3,SCORE_DROP,summer,chaos
605111.SH,2025-10-09,2025-11-21,31,37.22,34.23,-8.33,68.7,SCORE_DROP,summer,chaos
001896.SZ,2025-10-15,2025-11-21,27,6.09,5.44,-10.97,69.2,SCORE_DROP,chaos_spring,chaos
601012.SH,2025-10-17,2025-11-21,25,19.7,18.84,-4.67,63.3,SCORE_DROP,chaos,chaos
688256.SH,2025-10-22,2025-11-21,22,1429.5,1249.0,-12.93,70.1,STOP_LOSS,chaos_spring,chaos
000665.SZ,2025-10-22,2025-11-21,22,6.63,5.86,-11.91,68.4,SCORE_DROP,chaos_spring,chaos
300223.SZ,2025-10-24,2025-11-21,20,89.99,77.58,-14.09,77.4,STOP_LOSS,chaos_spring,chaos
605060.SH,2025-10-24,2025-11-21,20,27.57,34.07,23.28,73.8,SCORE_DROP,chaos_spring,chaos
002236.SZ,2025-10-27,2025-11-21,19,21.5,18.4,-14.72,71.5,STOP_LOSS,chaos_spring,chaos
688012.SH,2025-10-30,2025-11-21,16,300.04,267.0,-11.31,72.7,SCORE_DROP,chaos_spring,chaos
002975.SZ,2025-10-31,2025-11-21,15,72.27,69.55,-4.06,68.2,SCORE_DROP,chaos_spring,chaos
300442.SZ,2025-11-03,2025-11-21,14,52.18,45.64,-12.83,70.6,STOP_LOSS,chaos_spring,chaos
300586.SZ,2025-11-03,2025-11-21,14,11.07,9.8,-11.77,68.5,SCORE_DROP,chaos_spring,chaos
300455.SZ,2025-11-04,2025-11-21,13,25.12,23.0,-8.74,69.3,SCORE_DROP,chaos,chaos
688048.SH,2025-11-06,2025-11-21,11,80.27,74.5,-7.49,68.7,SCORE_DROP,chaos,chaos
002580.SZ,2025-11-06,2025-11-21,11,14.28,12.45,-13.12,68.2,STOP_LOSS,chaos,chaos
688223.SH,2025-11-07,2025-11-21,10,6.31,5.57,-12.03,68.8,SCORE_DROP,chaos,chaos
600438.SH,2025-11-10,2025-11-21,9,27.16,22.97,-15.73,68.2,STOP_LOSS,chaos,chaos
000545.SZ,2025-11-12,2025-11-21,7,3.24,2.76,-15.11,67.7,STOP_LOSS,chaos_spring,chaos
300827.SZ,2025-11-13,2025-11-21,6,44.64,37.83,-15.56,67.7,STOP_LOSS,chaos_spring,chaos
001211.SZ,2025-11-14,2025-11-21,5,28.25,25.43,-10.28,66.6,SCORE_DROP,chaos_spring,chaos
600459.SH,2025-11-14,2025-11-21,5,18.71,16.64,-11.36,65.9,SCORE_DROP,chaos_spring,chaos
600561.SH,2025-11-14,2025-11-21,5,7.67,6.7,-12.95,65.7,STOP_LOSS,chaos_spring,chaos
000421.SZ,2025-10-17,2025-11-24,26,6.67,6.99,4.5,64.3,SCORE_DROP,chaos,chaos_autumn
002861.SZ,2025-10-20,2025-11-24,25,18.66,19.11,2.11,67.8,SCORE_DROP,chaos,chaos_autumn
688313.SH,2025-10-22,2025-11-24,23,69.08,68.94,-0.5,68.9,SCORE_DROP,chaos_spring,chaos_autumn
300308.SZ,2025-10-29,2025-11-24,18,520.72,456.8,-12.58,69.7,STOP_LOSS,summer,chaos_autumn
000430.SZ,2025-11-05,2025-11-24,13,8.28,8.17,-1.63,71.7,SCORE_DROP,chaos,chaos_autumn
002344.SZ,2025-11-17,2025-11-24,5,4.9,4.49,-8.67,66.1,SCORE_DROP,chaos,chaos_autumn
000155.SZ,2025-11-19,2025-11-24,3,13.88,11.75,-15.65,67.2,STOP_LOSS,chaos_spring,chaos_autumn
603002.SH,2025-11-20,2025-11-24,2,7.79,6.73,-13.91,61.9,STOP_LOSS,chaos_spring,chaos_autumn
000048.SZ,2025-09-15,2025-11-25,45,17.45,14.18,-19.04,68.9,STOP_LOSS,chaos_spring,chaos_autumn
000422.SZ,2025-11-07,2025-11-26,13,15.33,14.48,-5.84,69.7,SCORE_DROP,chaos,chaos_autumn
002028.SZ,2025-09-19,2025-12-01,45,99.62,145.37,45.62,69.8,MAX_HOLD,chaos_spring,chaos
603881.SH,2025-11-18,2025-12-02,10,35.88,33.29,-7.52,65.0,SCORE_DROP,chaos_spring,chaos
688205.SH,2025-11-21,2025-12-03,8,115.0,118.05,2.35,60.5,SCORE_DROP,chaos,chaos
000607.SZ,2025-11-17,2025-12-04,13,4.61,4.3,-7.02,66.3,SCORE_DROP,chaos,chaos
300870.SZ,2025-11-25,2025-12-04,7,214.96,193.55,-10.26,63.3,SCORE_DROP,chaos_autumn,chaos
000681.SZ,2025-11-20,2025-12-05,11,23.04,22.5,-2.64,61.4,SCORE_DROP,chaos_spring,chaos
688521.SH,2025-11-28,2025-12-05,5,156.1,138.88,-11.33,69.1,SCORE_DROP,chaos,chaos
000558.SZ,2025-11-05,2025-12-09,24,5.6,5.39,-4.05,71.4,SCORE_DROP,chaos,chaos
688099.SH,2025-11-24,2025-12-09,11,92.72,88.29,-5.08,64.2,SCORE_DROP,chaos_autumn,chaos
603223.SH,2025-11-10,2025-12-11,23,10.73,9.69,-9.99,72.1,SCORE_DROP,chaos,chaos
000570.SZ,2025-11-17,2025-12-11,18,6.06,5.69,-6.41,67.3,SCORE_DROP,chaos,chaos
301068.SZ,2025-11-25,2025-12-11,12,29.11,27.31,-6.48,63.9,SCORE_DROP,chaos_autumn,chaos
002344.SZ,2025-12-04,2025-12-11,5,5.36,4.68,-12.99,71.7,STOP_LOSS,chaos,chaos
600064.SH,2025-10-10,2025-12-12,45,8.46,8.3,-2.19,72.2,MAX_HOLD,summer,chaos
000633.SZ,2025-11-13,2025-12-12,21,7.48,7.79,3.84,70.7,SCORE_DROP,chaos_spring,chaos
001222.SZ,2025-11-20,2025-12-12,16,24.36,23.67,-3.13,65.3,SCORE_DROP,chaos_spring,chaos
600007.SH,2025-11-21,2025-12-12,15,20.97,18.76,-10.84,62.5,SCORE_DROP,chaos,chaos
300115.SZ,2025-11-26,2025-12-12,12,37.9,38.71,1.84,70.7,SCORE_DROP,chaos_autumn,chaos
001318.SZ,2025-12-02,2025-12-12,8,16.77,14.74,-12.4,65.2,STOP_LOSS,chaos,chaos
000519.SZ,2025-10-13,2025-12-15,45,19.16,17.53,-8.81,67.3,MAX_HOLD,chaos_spring,chaos
002861.SZ,2025-12-01,2025-12-15,10,20.82,18.73,-10.34,69.1,SCORE_DROP,chaos,chaos
300913.SZ,2025-12-03,2025-12-15,8,56.17,52.58,-6.69,65.5,SCORE_DROP,chaos,chaos
688525.SH,2025-12-08,2025-12-15,5,117.57,109.55,-7.12,70.6,SCORE_DROP,chaos,chaos
601138.SH,2025-12-09,2025-12-15,4,67.99,59.14,-13.32,74.1,STOP_LOSS,chaos,chaos
600025.SH,2025-10-14,2025-12-16,45,9.8,9.42,-4.18,69.0,MAX_HOLD,chaos_spring,chaos
688195.SH,2025-11-18,2025-12-16,20,135.39,166.37,22.58,66.2,SCORE_DROP,chaos_spring,chaos
688126.SH,2025-12-02,2025-12-16,10,22.43,20.34,-9.62,65.0,SCORE_DROP,chaos,chaos
600023.SH,2025-10-15,2025-12-17,45,5.24,5.13,-2.4,68.9,MAX_HOLD,chaos_spring,chaos
000019.SZ,2025-11-21,2025-12-17,18,7.46,6.83,-8.75,60.8,SCORE_DROP,chaos,chaos
300455.SZ,2025-12-05,2025-12-17,8,28.93,24.58,-15.34,67.7,STOP_LOSS,chaos,chaos
000859.SZ,2025-11-19,2025-12-19,22,7.17,8.99,25.08,66.2,SCORE_DROP,chaos_spring,chaos
601319.SH,2025-10-20,2025-12-22,45,8.55,9.15,6.72,64.2,MAX_HOLD,chaos,chaos_spring
000729.SZ,2025-11-10,2025-12-29,35,12.07,11.26,-7.01,70.6,SCORE_DROP,chaos,chaos_spring
002329.SZ,2025-11-11,2025-12-30,35,3.94,3.98,0.72,69.5,SCORE_DROP,chaos_spring,chaos_spring
688048.SH,2025-11-25,2025-12-30,25,89.29,129.48,44.71,66.7,SCORE_DROP,chaos_autumn,chaos_spring
688313.SH,2025-11-26,2025-12-31,25,78.68,88.78,12.54,66.2,SCORE_DROP,chaos_autumn,chaos_spring
002222.SZ,2025-11-27,2025-12-31,24,49.71,56.34,13.04,67.4,SCORE_DROP,chaos,chaos_spring
688396.SH,2025-12-03,2025-12-31,20,53.3,52.86,-1.13,70.8,SCORE_DROP,chaos,chaos_spring
600459.SH,2025-12-22,2025-12-31,7,19.97,18.61,-7.11,67.2,SCORE_DROP,chaos_spring,chaos_spring
000859.SZ,2025-12-25,2025-12-31,4,11.56,10.12,-12.76,67.4,STOP_LOSS,chaos_spring,chaos_spring
600301.SH,2025-11-12,2026-01-05,36,33.57,37.12,10.27,68.2,SCORE_DROP,chaos_spring,summer
300502.SZ,2025-11-27,2026-01-08,28,340.8,410.34,20.1,70.3,SCORE_DROP,chaos,summer
002837.SZ,2025-12-16,2026-01-08,15,84.5,101.56,19.89,60.7,SCORE_DROP,chaos,summer
601869.SH,2025-12-19,2026-01-08,12,115.5,111.63,-3.65,67.8,SCORE_DROP,chaos,summer
000510.SZ,2025-11-05,2026-01-09,45,6.2,13.42,116.15,67.7,MAX_HOLD,chaos,summer
688668.SH,2025-12-22,2026-01-09,12,118.92,114.55,-3.97,70.6,SCORE_DROP,chaos_spring,summer
002463.SZ,2025-11-26,2026-01-12,31,72.83,69.12,-5.39,69.6,SCORE_DROP,chaos_autumn,summer
300570.SZ,2025-11-27,2026-01-12,30,107.5,113.2,5.0,67.6,SCORE_DROP,chaos,summer
002371.SZ,2025-11-07,2026-01-13,45,413.75,490.2,18.18,69.1,MAX_HOLD,chaos,summer
000551.SZ,2025-12-23,2026-01-13,13,13.78,14.28,3.33,67.9,SCORE_DROP,chaos_spring,summer
688037.SH,2025-11-11,2026-01-15,45,129.01,209.09,61.77,73.4,MAX_HOLD,chaos_spring,chaos_spring
000007.SZ,2025-11-13,2026-01-15,43,9.59,11.27,17.22,66.2,SCORE_DROP,chaos_spring,chaos_spring
000048.SZ,2025-12-25,2026-01-16,14,14.86,14.66,-1.65,70.6,SCORE_DROP,chaos_spring,chaos_spring
000516.SZ,2026-01-14,2026-01-16,2,6.19,5.19,-16.46,71.5,STOP_LOSS,summer,chaos_spring
688158.SH,2025-12-18,2026-01-19,20,25.51,28.08,9.77,66.4,SCORE_DROP,chaos,chaos_spring
301396.SZ,2026-01-14,2026-01-19,3,87.06,75.81,-13.22,68.7,STOP_LOSS,summer,chaos_spring
300455.SZ,2025-12-26,2026-01-20,15,30.65,28.94,-5.88,67.5,SCORE_DROP,summer,chaos_spring
300115.SZ,2025-12-30,2026-01-20,13,45.13,40.49,-10.58,71.7,SCORE_DROP,chaos_spring,chaos_spring
688223.SH,2026-01-08,2026-01-20,8,6.39,5.64,-12.04,70.1,SCORE_DROP,summer,chaos_spring
000415.SZ,2025-11-18,2026-01-22,45,3.72,4.43,18.79,72.5,MAX_HOLD,chaos_spring,chaos_spring
300499.SZ,2025-12-17,2026-01-22,24,29.96,30.26,0.7,69.5,SCORE_DROP,chaos,chaos_spring
600489.SH,2025-11-19,2026-01-23,45,22.72,30.0,31.74,63.8,MAX_HOLD,chaos_spring,chaos_spring
300308.SZ,2025-12-02,2026-01-23,36,542.0,585.0,7.63,68.0,SCORE_DROP,chaos,chaos_spring
688256.SH,2025-12-09,2026-01-23,31,1436.0,1334.99,-7.33,74.5,SCORE_DROP,chaos,chaos_spring
002046.SZ,2025-11-24,2026-01-26,43,31.54,44.35,40.32,63.2,SCORE_DROP,chaos_autumn,chaos_spring
002050.SZ,2025-12-30,2026-01-26,17,52.5,51.94,-1.37,68.4,SCORE_DROP,chaos_spring,chaos_spring
688027.SH,2026-01-07,2026-01-26,13,560.7,580.0,3.14,69.8,SCORE_DROP,summer,chaos_spring
000859.SZ,2026-01-08,2026-01-26,12,12.93,11.11,-14.38,69.0,STOP_LOSS,summer,chaos_spring
600118.SH,2025-11-24,2026-01-28,45,42.12,93.47,121.61,69.2,MAX_HOLD,chaos_autumn,chaos_spring
300586.SZ,2025-12-19,2026-01-28,26,10.48,10.49,-0.2,64.0,SCORE_DROP,chaos,chaos_spring
000681.SZ,2025-12-31,2026-01-28,18,23.81,26.04,9.07,65.1,SCORE_DROP,chaos_spring,chaos_spring
300033.SZ,2026-01-06,2026-01-28,16,372.0,350.1,-6.19,71.5,SCORE_DROP,summer,chaos_spring
300604.SZ,2025-12-04,2026-01-29,38,87.5,125.62,43.27,67.5,SCORE_DROP,chaos,chaos_spring
601138.SH,2025-12-24,2026-01-29,24,65.14,57.6,-11.88,69.7,SCORE_DROP,chaos_spring,chaos_spring
002463.SZ,2026-01-16,2026-01-29,9,77.0,69.15,-10.49,69.9,SCORE_DROP,chaos_spring,chaos_spring
002130.SZ,2026-01-22,2026-01-29,5,32.73,27.43,-16.49,69.3,STOP_LOSS,chaos_spring,chaos_spring
600879.SH,2025-12-05,2026-01-30,38,12.69,25.75,102.62,69.6,SCORE_DROP,chaos,chaos_spring
000532.SZ,2025-12-10,2026-01-30,35,15.72,15.79,0.15,71.6,SCORE_DROP,chaos,chaos_spring
300433.SZ,2026-01-06,2026-01-30,18,33.93,36.35,6.83,69.8,SCORE_DROP,summer,chaos_spring
002236.SZ,2026-01-12,2026-01-30,14,20.61,18.96,-8.31,74.0,SCORE_DROP,summer,chaos_spring
002371.SZ,2026-01-13,2026-01-30,13,490.2,475.23,-3.35,73.2,SCORE_DROP,summer,chaos_spring
300001.SZ,2026-01-13,2026-01-30,13,28.79,26.94,-6.73,70.6,SCORE_DROP,summer,chaos_spring
601567.SH,2026-01-19,2026-01-30,9,26.63,23.63,-11.57,69.1,SCORE_DROP,chaos_spring,chaos_spring
688072.SH,2025-12-08,2026-02-02,38,309.2,330.98,6.74,70.7,SCORE_DROP,chaos,chaos
688082.SH,2025-12-12,2026-02-02,34,177.6,175.88,-1.27,76.1,SCORE_DROP,chaos,chaos
688120.SH,2025-12-15,2026-02-02,33,155.31,177.0,13.67,67.2,SCORE_DROP,chaos,chaos
688012.SH,2025-12-17,2026-02-02,31,279.17,332.68,18.87,64.4,SCORE_DROP,chaos,chaos
301308.SZ,2025-12-26,2026-02-02,24,266.89,299.8,12.03,66.3,SCORE_DROP,summer,chaos
601899.SH,2025-12-31,2026-02-02,21,34.47,36.61,5.91,65.0,SCORE_DROP,chaos_spring,chaos
688126.SH,2026-01-06,2026-02-02,19,23.11,21.26,-8.31,73.2,SCORE_DROP,summer,chaos
000652.SZ,2026-01-27,2026-02-02,4,4.74,4.14,-12.96,70.6,STOP_LOSS,chaos_spring,chaos
605060.SH,2025-11-28,2026-02-03,45,36.17,43.69,20.49,72.8,MAX_HOLD,chaos,chaos
688362.SH,2025-11-28,2026-02-03,45,30.84,45.01,45.65,69.5,MAX_HOLD,chaos,chaos
688981.SH,2025-12-24,2026-02-03,27,123.41,116.03,-6.28,68.1,SCORE_DROP,chaos_spring,chaos
688037.SH,2026-01-15,2026-02-03,13,209.09,195.99,-6.57,80.0,SCORE_DROP,chaos_spring,chaos
300223.SZ,2025-12-01,2026-02-04,45,95.28,132.15,38.4,79.2,MAX_HOLD,chaos,chaos
000021.SZ,2025-12-01,2026-02-04,45,24.61,28.35,14.9,72.2,MAX_HOLD,chaos,chaos
688728.SH,2025-12-16,2026-02-04,34,14.79,15.49,4.43,61.7,SCORE_DROP,chaos,chaos
002156.SZ,2025-12-23,2026-02-04,29,37.47,49.05,30.6,68.0,SCORE_DROP,chaos_spring,chaos
688525.SH,2025-12-26,2026-02-04,26,113.1,168.5,48.68,67.0,SCORE_DROP,summer,chaos
688396.SH,2026-01-07,2026-02-04,20,60.51,59.22,-2.43,73.2,SCORE_DROP,summer,chaos
002335.SZ,2026-01-09,2026-02-04,18,66.4,58.86,-11.66,69.8,SCORE_DROP,summer,chaos
002049.SZ,2026-01-15,2026-02-04,14,86.69,78.8,-9.4,72.5,SCORE_DROP,chaos_spring,chaos
600171.SH,2026-01-16,2026-02-04,13,34.2,31.45,-8.34,69.7,SCORE_DROP,chaos_spring,chaos
002281.SZ,2025-12-08,2026-02-05,41,65.44,66.33,1.06,71.2,SCORE_DROP,chaos,chaos
002916.SZ,2025-12-16,2026-02-05,35,202.3,225.25,11.04,63.1,SCORE_DROP,chaos,chaos
688150.SH,2025-12-19,2026-02-05,32,25.4,27.2,6.79,69.4,SCORE_DROP,chaos,chaos
000422.SZ,2026-01-20,2026-02-05,12,15.84,15.14,-4.72,68.6,SCORE_DROP,chaos_spring,chaos
000630.SZ,2025-12-03,2026-02-06,45,5.54,7.11,28.04,65.1,MAX_HOLD,chaos,chaos
688385.SH,2025-12-11,2026-02-06,39,62.12,76.38,22.66,69.3,SCORE_DROP,chaos,chaos
000659.SZ,2025-12-29,2026-02-06,27,3.88,4.42,13.62,68.3,SCORE_DROP,chaos_spring,chaos
300857.SZ,2025-12-31,2026-02-06,25,168.68,200.05,18.3,68.7,SCORE_DROP,chaos_spring,chaos
600268.SH,2026-01-12,2026-02-06,19,11.85,12.5,5.19,71.2,SCORE_DROP,summer,chaos
600301.SH,2026-01-14,2026-02-06,17,49.51,49.5,-0.32,69.7,SCORE_DROP,summer,chaos
688313.SH,2026-01-29,2026-02-06,6,85.68,78.65,-8.5,69.3,SCORE_DROP,chaos_spring,chaos
300502.SZ,2026-01-30,2026-02-06,5,419.49,364.06,-13.51,73.7,STOP_LOSS,chaos_spring,chaos
002028.SZ,2025-12-04,2026-02-09,45,150.0,202.0,34.37,67.5,MAX_HOLD,chaos,chaos
601179.SH,2025-12-15,2026-02-09,38,9.6,14.72,53.03,67.4,SCORE_DROP,chaos,chaos
600489.SH,2026-01-23,2026-02-09,11,30.0,30.18,0.3,72.0,SCORE_DROP,chaos_spring,chaos
000725.SZ,2025-12-05,2026-02-10,45,4.26,4.32,1.11,71.3,MAX_HOLD,chaos,chaos
300136.SZ,2025-12-11,2026-02-10,41,35.29,78.8,122.99,69.1,SCORE_DROP,chaos,chaos
001270.SZ,2025-12-11,2026-02-10,41,58.3,134.03,129.6,68.8,SCORE_DROP,chaos,chaos
300763.SZ,2026-01-26,2026-02-10,11,85.54,79.02,-7.92,69.0,SCORE_DROP,chaos_spring,chaos
002851.SZ,2025-12-09,2026-02-11,44,78.52,113.93,44.8,72.5,SCORE_DROP,chaos,chaos
688668.SH,2026-01-26,2026-02-11,12,151.88,150.5,-1.21,71.0,SCORE_DROP,chaos_spring,chaos
600118.SH,2026-02-04,2026-02-11,5,97.5,89.12,-8.89,72.4,SCORE_DROP,chaos,chaos
603629.SH,2025-12-10,2026-02-13,45,28.3,57.47,102.77,71.7,MAX_HOLD,chaos,chaos
601126.SH,2025-12-10,2026-02-13,45,29.34,41.4,40.8,71.2,MAX_HOLD,chaos,chaos
000560.SZ,2026-02-04,2026-02-13,7,3.61,3.25,-10.27,66.7,SCORE_DROP,chaos,chaos
000524.SZ,2025-12-22,2026-02-24,38,12.9,12.12,-6.35,67.7,SCORE_DROP,chaos_spring,chaos
000607.SZ,2026-01-12,2026-02-24,25,4.81,4.71,-2.38,73.1,SCORE_DROP,summer,chaos
000676.SZ,2026-01-13,2026-02-24,24,10.17,9.02,-11.61,70.1,SCORE_DROP,summer,chaos
300442.SZ,2025-12-12,2026-02-25,45,53.41,86.8,62.22,69.9,MAX_HOLD,chaos,chaos
000657.SZ,2025-12-12,2026-02-25,45,24.9,58.83,135.97,68.5,MAX_HOLD,chaos,chaos
301396.SZ,2026-01-27,2026-02-25,15,98.1,89.8,-8.76,68.7,SCORE_DROP,chaos_spring,chaos
001316.SZ,2026-02-02,2026-02-25,11,51.21,50.97,-0.77,65.5,SCORE_DROP,chaos,chaos
688195.SH,2026-02-02,2026-02-25,11,214.0,207.62,-3.28,64.1,SCORE_DROP,chaos,chaos
300383.SZ,2026-02-10,2026-02-25,5,17.76,15.51,-12.97,67.1,STOP_LOSS,chaos,chaos
002378.SZ,2025-12-15,2026-02-26,45,13.6,36.91,171.1,65.6,MAX_HOLD,chaos,chaos_spring
000156.SZ,2026-01-09,2026-02-26,28,8.31,8.52,2.23,72.3,SCORE_DROP,summer,chaos_spring
688223.SH,2026-01-29,2026-02-26,14,6.74,7.41,9.64,67.7,SCORE_DROP,chaos_spring,chaos_spring
000681.SZ,2026-02-13,2026-02-26,3,29.54,25.77,-13.06,66.5,STOP_LOSS,chaos,chaos_spring
301377.SZ,2025-12-17,2026-03-02,45,127.98,192.06,49.77,67.5,MAX_HOLD,chaos,chaos_spring
000558.SZ,2026-02-02,2026-03-02,14,5.4,4.83,-10.86,66.5,SCORE_DROP,chaos,chaos_spring
600487.SH,2025-12-18,2026-03-03,45,22.6,47.52,109.97,67.2,MAX_HOLD,chaos,chaos
600522.SH,2025-12-18,2026-03-03,45,18.02,28.79,59.47,66.4,MAX_HOLD,chaos,chaos
300124.SZ,2025-12-30,2026-03-03,37,76.48,69.01,-10.07,69.4,SCORE_DROP,chaos_spring,chaos
300042.SZ,2026-01-21,2026-03-03,23,31.36,31.6,0.47,68.5,SCORE_DROP,chaos_spring,chaos
688158.SH,2026-01-23,2026-03-03,21,32.61,35.0,7.03,72.0,SCORE_DROP,chaos_spring,chaos
002129.SZ,2026-01-23,2026-03-03,21,9.75,9.86,0.83,71.3,SCORE_DROP,chaos_spring,chaos
688008.SH,2026-01-28,2026-03-03,18,173.26,147.89,-14.94,68.1,STOP_LOSS,chaos_spring,chaos
688027.SH,2026-02-03,2026-03-03,14,657.17,627.87,-4.76,66.8,SCORE_DROP,chaos,chaos
002371.SZ,2026-02-09,2026-03-03,10,484.0,446.16,-8.12,69.4,SCORE_DROP,chaos,chaos
000014.SZ,2026-02-11,2026-03-03,8,14.8,12.59,-15.23,68.8,STOP_LOSS,chaos,chaos
603881.SH,2026-02-12,2026-03-03,7,43.53,35.85,-17.94,67.7,STOP_LOSS,chaos,chaos
300223.SZ,2026-02-24,2026-03-03,5,136.68,118.38,-13.69,80.0,STOP_LOSS,chaos,chaos
301176.SZ,2026-02-24,2026-03-03,5,29.11,25.85,-11.5,67.5,SCORE_DROP,chaos,chaos
605111.SH,2025-12-29,2026-03-04,39,36.34,42.14,15.66,70.5,SCORE_DROP,chaos_spring,chaos
300017.SZ,2026-01-28,2026-03-04,19,15.59,18.01,15.22,68.4,SCORE_DROP,chaos_spring,chaos
000719.SZ,2026-02-04,2026-03-04,14,13.44,12.38,-8.19,66.0,SCORE_DROP,chaos,chaos
000423.SZ,2026-02-05,2026-03-04,13,55.3,52.54,-5.29,65.4,SCORE_DROP,chaos,chaos
688012.SH,2026-02-05,2026-03-04,13,356.88,332.74,-7.06,62.9,SCORE_DROP,chaos,chaos
000703.SZ,2026-02-06,2026-03-04,12,12.58,11.9,-5.71,62.2,SCORE_DROP,chaos,chaos
688728.SH,2026-02-26,2026-03-04,4,16.91,14.74,-13.13,75.2,STOP_LOSS,chaos_spring,chaos
600176.SH,2025-12-23,2026-03-06,45,16.32,26.35,61.16,68.7,MAX_HOLD,chaos_spring,chaos
300757.SZ,2025-12-25,2026-03-06,43,247.81,391.9,57.85,67.3,SCORE_DROP,chaos_spring,chaos
688521.SH,2026-01-05,2026-03-06,38,144.23,240.85,66.69,70.0,SCORE_DROP,summer,chaos
300570.SZ,2026-01-30,2026-03-06,19,125.1,127.7,1.78,67.2,SCORE_DROP,chaos_spring,chaos
688037.SH,2026-02-05,2026-03-06,15,207.03,189.79,-8.63,69.9,SCORE_DROP,chaos,chaos
688385.SH,2026-02-12,2026-03-06,10,87.3,79.87,-8.81,69.3,SCORE_DROP,chaos,chaos
605589.SH,2025-12-24,2026-03-09,45,29.43,32.8,11.15,71.8,MAX_HOLD,chaos_spring,chaos
000301.SZ,2026-01-27,2026-03-09,23,12.46,12.07,-3.43,68.5,SCORE_DROP,chaos_spring,chaos
688313.SH,2026-02-09,2026-03-09,14,87.17,77.4,-11.51,70.5,SCORE_DROP,chaos,chaos
688362.SH,2026-02-10,2026-03-09,13,44.9,39.91,-11.41,68.9,SCORE_DROP,chaos,chaos
000157.SZ,2026-02-12,2026-03-09,11,9.86,9.35,-5.47,68.3,SCORE_DROP,chaos,chaos
603223.SH,2026-01-15,2026-03-10,32,10.16,9.36,-8.17,70.1,SCORE_DROP,chaos_spring,chaos
600064.SH,2025-12-29,2026-03-12,45,8.64,8.81,1.67,70.5,MAX_HOLD,chaos_spring,chaos_spring
002922.SZ,2026-01-21,2026-03-12,30,41.97,41.22,-2.09,68.6,SCORE_DROP,chaos_spring,chaos_spring
002916.SZ,2026-02-06,2026-03-12,18,243.47,252.61,3.45,63.4,SCORE_DROP,chaos,chaos_spring
603308.SH,2026-02-11,2026-03-12,15,61.17,63.94,4.23,67.3,SCORE_DROP,chaos,chaos_spring
688072.SH,2026-02-25,2026-03-12,11,360.0,341.51,-5.44,74.9,SCORE_DROP,chaos,chaos_spring
300442.SZ,2026-02-26,2026-03-12,10,102.17,88.69,-13.49,74.4,STOP_LOSS,chaos_spring,chaos_spring
000519.SZ,2026-01-05,2026-03-13,43,18.5,18.28,-1.49,69.8,SCORE_DROP,summer,chaos_spring
002185.SZ,2026-01-09,2026-03-13,39,11.71,13.65,16.27,69.7,SCORE_DROP,summer,chaos_spring
000400.SZ,2026-01-20,2026-03-13,32,32.89,31.0,-6.05,69.0,SCORE_DROP,chaos_spring,chaos_spring
000415.SZ,2026-01-22,2026-03-13,30,4.43,4.62,3.99,83.5,SCORE_DROP,chaos_spring,chaos_spring
605060.SH,2026-02-03,2026-03-13,22,43.69,55.88,27.6,81.2,SCORE_DROP,chaos,chaos_spring
000657.SZ,2026-02-26,2026-03-13,11,60.2,56.07,-7.16,71.2,SCORE_DROP,chaos_spring,chaos_spring
600301.SH,2026-03-04,2026-03-13,7,69.2,58.55,-15.69,69.7,STOP_LOSS,chaos,chaos_spring
002378.SZ,2026-03-06,2026-03-13,5,44.7,36.92,-17.7,68.8,STOP_LOSS,chaos,chaos_spring
601179.SH,2026-03-09,2026-03-13,4,20.17,17.65,-12.79,68.6,STOP_LOSS,chaos,chaos_spring
002861.SZ,2026-01-16,2026-03-16,35,19.47,18.02,-7.75,69.7,SCORE_DROP,chaos_spring,chaos_spring
002028.SZ,2026-02-10,2026-03-16,18,208.0,208.8,0.08,69.9,SCORE_DROP,chaos,chaos_spring
600118.SH,2026-02-27,2026-03-16,11,91.68,84.82,-7.78,73.1,SCORE_DROP,chaos_spring,chaos_spring
000672.SZ,2026-01-05,2026-03-17,45,13.06,13.8,5.37,70.9,MAX_HOLD,summer,chaos
000421.SZ,2026-01-19,2026-03-17,35,7.28,6.81,-6.76,70.1,SCORE_DROP,chaos_spring,chaos
301071.SZ,2026-01-28,2026-03-17,28,43.13,45.53,5.26,68.3,SCORE_DROP,chaos_spring,chaos
601869.SH,2026-01-29,2026-03-17,27,135.56,215.81,58.9,67.8,SCORE_DROP,chaos_spring,chaos
002851.SZ,2026-03-02,2026-03-17,11,132.26,107.75,-18.83,70.8,STOP_LOSS,chaos_spring,chaos
600522.SH,2026-03-03,2026-03-17,10,28.79,26.12,-9.57,72.0,SCORE_DROP,chaos,chaos
688223.SH,2026-03-10,2026-03-17,5,8.24,7.4,-10.49,69.2,SCORE_DROP,chaos,chaos
300827.SZ,2026-03-12,2026-03-17,3,42.25,37.0,-12.73,67.7,STOP_LOSS,chaos_spring,chaos
601611.SH,2026-03-13,2026-03-17,2,19.21,16.43,-14.77,67.8,STOP_LOSS,chaos_spring,chaos
000729.SZ,2026-01-07,2026-03-19,45,12.21,12.85,4.94,71.2,MAX_HOLD,summer,chaos
600172.SH,2026-01-08,2026-03-19,44,6.51,8.43,29.19,69.9,SCORE_DROP,summer,chaos
002357.SZ,2026-01-19,2026-03-19,37,12.88,14.43,11.73,69.6,SCORE_DROP,chaos_spring,chaos
601126.SH,2026-02-13,2026-03-19,18,41.4,46.1,11.05,71.1,SCORE_DROP,chaos,chaos
688170.SH,2026-02-24,2026-03-19,17,46.36,48.57,4.47,67.7,SCORE_DROP,chaos,chaos
000422.SZ,2026-02-25,2026-03-19,16,18.07,16.48,-9.1,70.4,SCORE_DROP,chaos,chaos
300001.SZ,2026-03-02,2026-03-19,13,30.44,28.87,-5.46,71.6,SCORE_DROP,chaos_spring,chaos
600406.SH,2026-03-05,2026-03-19,10,29.51,27.81,-6.06,69.1,SCORE_DROP,chaos,chaos
000155.SZ,2026-03-12,2026-03-19,5,15.48,13.83,-10.96,68.8,SCORE_DROP,chaos_spring,chaos
603002.SH,2026-01-26,2026-03-20,33,8.87,9.91,11.42,68.9,SCORE_DROP,chaos_spring,chaos
600268.SH,2026-03-06,2026-03-20,10,14.85,13.82,-7.24,70.6,SCORE_DROP,chaos,chaos
000545.SZ,2026-03-11,2026-03-20,7,3.83,3.29,-14.4,67.5,STOP_LOSS,chaos,chaos
000927.SZ,2026-01-22,2026-03-23,36,2.95,2.65,-10.47,75.1,SCORE_DROP,chaos_spring,chaos_autumn
000021.SZ,2026-02-09,2026-03-23,24,28.84,28.46,-1.62,69.6,SCORE_DROP,chaos,chaos_autumn
601567.SH,2026-03-06,2026-03-23,11,29.41,27.53,-6.69,70.9,SCORE_DROP,chaos,chaos_autumn
002335.SZ,2026-03-12,2026-03-23,7,68.37,58.73,-14.4,67.6,STOP_LOSS,chaos_spring,chaos_autumn
300223.SZ,2026-03-16,2026-03-23,5,129.9,111.0,-14.85,76.9,STOP_LOSS,chaos_spring,chaos_autumn
000626.SZ,2026-03-16,2026-03-23,5,8.78,7.52,-14.65,67.7,STOP_LOSS,chaos_spring,chaos_autumn
605060.SH,2026-03-18,2026-03-23,3,60.57,51.42,-15.41,72.1,STOP_LOSS,chaos,chaos_autumn
300499.SZ,2026-03-04,2026-03-25,15,37.36,38.49,2.72,69.5,SCORE_DROP,chaos,chaos_autumn
688158.SH,2026-03-09,2026-03-25,12,45.38,43.35,-4.77,72.6,SCORE_DROP,chaos,chaos_autumn
002015.SZ,2026-02-06,2026-03-26,28,12.06,18.61,54.01,64.7,SCORE_DROP,chaos,autumn
002384.SZ,2026-03-13,2026-03-27,10,110.93,102.65,-7.76,66.5,SCORE_DROP,chaos_spring,autumn
000020.SZ,2026-03-17,2026-03-30,9,17.53,16.2,-7.89,66.9,SCORE_DROP,chaos,chaos_autumn
001896.SZ,2026-01-20,2026-03-31,44,6.53,13.72,109.81,69.0,SCORE_DROP,chaos_spring,chaos_autumn
002463.SZ,2026-02-25,2026-03-31,24,77.6,75.97,-2.4,72.4,SCORE_DROP,chaos,chaos_autumn
301068.SZ,2026-02-27,2026-03-31,22,29.22,29.96,2.23,70.8,SCORE_DROP,chaos_spring,chaos_autumn
688525.SH,2026-03-04,2026-03-31,19,175.99,211.99,20.16,70.4,SCORE_DROP,chaos,chaos_autumn
301308.SZ,2026-03-09,2026-03-31,16,330.12,297.08,-10.31,69.4,SCORE_DROP,chaos,chaos_autumn
300042.SZ,2026-03-16,2026-03-31,11,45.6,41.7,-8.85,68.8,SCORE_DROP,chaos_spring,chaos_autumn
300827.SZ,2026-03-20,2026-03-31,7,44.93,38.88,-13.77,67.4,STOP_LOSS,chaos,chaos_autumn
300014.SZ,2026-03-24,2026-03-31,5,70.1,62.23,-11.53,60.9,SCORE_DROP,chaos_autumn,chaos_autumn
300763.SZ,2026-03-03,2026-04-01,21,93.01,96.3,3.24,69.9,SCORE_DROP,chaos,chaos_autumn
000014.SZ,2026-03-18,2026-04-01,10,15.4,13.99,-9.46,65.8,SCORE_DROP,chaos,chaos_autumn
000048.SZ,2026-01-21,2026-04-02,45,18.5,19.16,3.27,73.1,MAX_HOLD,chaos_spring,chaos
603629.SH,2026-02-13,2026-04-02,28,57.47,60.26,4.55,74.3,SCORE_DROP,chaos,chaos
000938.SZ,2026-03-19,2026-04-02,10,26.77,24.2,-9.9,64.2,SCORE_DROP,chaos,chaos
300750.SZ,2026-03-13,2026-04-03,15,397.0,386.46,-2.95,65.5,SCORE_DROP,chaos_spring,chaos
002371.SZ,2026-03-18,2026-04-03,12,462.45,426.45,-8.08,68.1,SCORE_DROP,chaos,chaos
002329.SZ,2026-03-24,2026-04-03,8,4.12,3.74,-9.52,66.1,SCORE_DROP,chaos_autumn,chaos
600025.SH,2026-03-03,2026-04-07,24,9.81,9.57,-2.75,70.3,SCORE_DROP,chaos,chaos_autumn
002594.SZ,2026-03-23,2026-04-07,10,107.63,97.98,-9.27,63.6,SCORE_DROP,chaos_autumn,chaos_autumn
600268.SH,2026-03-31,2026-04-07,4,15.48,13.62,-12.32,65.5,STOP_LOSS,chaos_autumn,chaos_autumn
000659.SZ,2026-03-26,2026-04-09,9,4.51,3.91,-13.6,64.8,STOP_LOSS,autumn,chaos_autumn
600007.SH,2026-01-30,2026-04-14,45,20.53,21.25,3.21,65.4,MAX_HOLD,chaos_spring,chaos
000927.SZ,2026-03-25,2026-04-15,14,3.04,2.97,-2.6,63.7,SCORE_DROP,chaos_autumn,chaos
688048.SH,2026-02-03,2026-04-16,45,137.1,298.0,117.06,68.3,MAX_HOLD,chaos,chaos
300255.SZ,2026-04-03,2026-04-22,12,43.08,41.56,-3.83,61.9,SCORE_DROP,chaos,summer
688150.SH,2026-02-11,2026-04-24,45,30.42,55.15,81.0,66.9,MAX_HOLD,chaos,chaos_spring
688331.SH,2026-03-10,2026-04-24,32,118.35,133.03,12.1,72.7,SCORE_DROP,chaos,chaos_spring
300383.SZ,2026-03-25,2026-04-24,21,18.23,17.09,-6.55,65.0,SCORE_DROP,chaos_autumn,chaos_spring
688205.SH,2026-04-03,2026-04-24,14,247.21,229.6,-7.42,61.5,SCORE_DROP,chaos,chaos_spring
600172.SH,2026-04-20,2026-04-28,6,8.96,7.99,-11.13,73.3,SCORE_DROP,chaos_spring,chaos_spring
600879.SH,2026-04-21,2026-04-28,5,25.52,22.34,-12.76,69.8,STOP_LOSS,summer,chaos_spring
688195.SH,2026-03-23,2026-04-29,26,243.0,323.76,32.93,64.2,SCORE_DROP,chaos_autumn,summer
300620.SZ,2026-04-02,2026-04-29,18,200.07,235.25,17.28,61.6,SCORE_DROP,chaos,summer
601869.SH,2026-03-25,2026-04-30,25,256.64,353.9,37.6,63.5,SCORE_DROP,chaos_autumn,summer
002335.SZ,2026-04-21,2026-04-30,7,67.42,60.89,-9.99,69.4,SCORE_DROP,summer,summer
600023.SH,2026-02-27,2026-05-07,45,5.33,5.84,9.27,73.5,MAX_HOLD,chaos_spring,summer
002281.SZ,2026-03-02,2026-05-08,45,77.02,180.72,134.34,72.5,MAX_HOLD,chaos_spring,summer
000155.SZ,2026-03-27,2026-05-08,26,16.16,16.68,2.92,65.9,SCORE_DROP,autumn,summer
688256.SH,2026-04-07,2026-05-08,20,1119.0,1182.53,5.38,67.8,SCORE_DROP,chaos_autumn,summer
603288.SH,2026-03-30,2026-05-12,27,40.34,37.84,-6.5,62.7,SCORE_DROP,chaos_autumn,summer
300502.SZ,2026-03-05,2026-05-13,45,401.24,628.99,56.46,71.3,MAX_HOLD,chaos,summer
600066.SH,2026-03-05,2026-05-13,45,31.08,36.0,15.53,70.8,MAX_HOLD,chaos,summer
000729.SZ,2026-03-19,2026-05-13,35,12.85,12.61,-2.17,63.1,SCORE_DROP,chaos,summer
002460.SZ,2026-03-26,2026-05-13,30,72.43,82.99,14.28,63.1,SCORE_DROP,autumn,summer
000703.SZ,2026-04-07,2026-05-13,23,14.16,15.31,7.82,68.7,SCORE_DROP,chaos_autumn,summer
000415.SZ,2026-04-08,2026-05-15,24,4.63,4.33,-6.78,78.4,SCORE_DROP,chaos_autumn,chaos_spring
301068.SZ,2026-04-17,2026-05-15,17,38.7,33.58,-13.53,75.9,STOP_LOSS,chaos_spring,chaos_spring
000977.SZ,2026-04-24,2026-05-15,12,74.85,70.21,-6.5,69.3,SCORE_DROP,chaos_spring,chaos_spring
001309.SZ,2026-03-10,2026-05-18,45,294.81,735.04,149.03,68.7,MAX_HOLD,chaos,chaos_spring
688498.SH,2026-03-24,2026-05-18,35,1065.0,1058.08,-0.95,63.3,SCORE_DROP,chaos_autumn,chaos_spring
000570.SZ,2026-04-16,2026-05-18,19,6.74,6.34,-6.23,73.6,SCORE_DROP,chaos,chaos_spring
002580.SZ,2026-03-11,2026-05-19,45,13.75,27.5,99.7,68.8,MAX_HOLD,chaos,chaos
301396.SZ,2026-03-11,2026-05-19,45,124.98,303.26,142.35,68.2,MAX_HOLD,chaos,chaos
600118.SH,2026-04-13,2026-05-19,23,80.5,87.23,8.06,74.4,SCORE_DROP,chaos,chaos
000657.SZ,2026-04-21,2026-05-19,17,57.81,53.97,-6.94,70.3,SCORE_DROP,summer,chaos
605060.SH,2026-04-10,2026-05-20,25,59.03,55.89,-5.62,81.7,SCORE_DROP,chaos,chaos
688223.SH,2026-05-12,2026-05-20,6,7.42,6.63,-10.95,70.9,SCORE_DROP,summer,chaos
600066.SH,2026-05-13,2026-05-20,5,36.0,31.9,-11.69,68.6,SCORE_DROP,summer,chaos
688158.SH,2026-04-14,2026-05-21,24,46.28,43.44,-6.44,71.5,SCORE_DROP,chaos,chaos
000430.SZ,2026-04-15,2026-05-21,23,8.08,7.36,-9.21,70.5,SCORE_DROP,chaos,chaos
688048.SH,2026-04-16,2026-05-21,22,298.0,356.97,19.49,74.6,SCORE_DROP,chaos,chaos
688385.SH,2026-04-20,2026-05-21,20,75.07,65.55,-12.98,71.5,STOP_LOSS,chaos_spring,chaos
000938.SZ,2026-04-22,2026-05-21,18,29.92,29.25,-2.54,71.3,SCORE_DROP,summer,chaos
600301.SH,2026-05-07,2026-05-21,10,59.82,52.55,-12.45,69.5,STOP_LOSS,summer,chaos
600497.SH,2026-05-14,2026-05-21,5,10.88,9.24,-15.37,67.7,STOP_LOSS,summer,chaos
600519.SH,2026-03-17,2026-05-22,44,1485.0,1290.2,-13.42,65.4,STOP_LOSS,chaos,chaos_spring
000538.SZ,2026-04-02,2026-05-22,32,56.78,49.8,-12.59,60.3,STOP_LOSS,chaos,chaos_spring
600900.SH,2026-03-17,2026-05-25,45,27.49,26.67,-3.28,64.9,MAX_HOLD,chaos,chaos_spring
600487.SH,2026-03-30,2026-05-26,37,53.85,69.41,28.6,63.4,SCORE_DROP,chaos_autumn,chaos_spring
600522.SH,2026-03-31,2026-05-26,36,30.09,40.48,34.23,67.9,SCORE_DROP,chaos_autumn,chaos_spring
300442.SZ,2026-04-14,2026-05-26,27,91.14,89.01,-2.64,72.1,SCORE_DROP,chaos,chaos_spring
001211.SZ,2026-04-29,2026-05-26,16,40.5,44.59,9.8,67.8,SCORE_DROP,summer,chaos_spring
601288.SH,2026-03-19,2026-05-27,45,6.83,6.31,-7.91,64.3,MAX_HOLD,chaos,chaos_spring
688313.SH,2026-03-20,2026-05-27,44,83.96,155.0,84.31,68.9,SCORE_DROP,chaos,chaos_spring
002222.SZ,2026-03-30,2026-05-27,38,71.94,100.25,39.05,64.1,SCORE_DROP,chaos_autumn,chaos_spring
688521.SH,2026-04-01,2026-05-27,36,223.0,252.45,12.91,64.6,SCORE_DROP,chaos_autumn,chaos_spring
688150.SH,2026-04-24,2026-05-27,20,55.15,55.26,-0.1,71.7,SCORE_DROP,chaos_spring,chaos_spring
000551.SZ,2026-04-30,2026-05-27,16,16.28,16.17,-0.98,69.2,SCORE_DROP,summer,chaos_spring
300042.SZ,2026-05-06,2026-05-27,15,62.72,61.41,-2.39,69.7,SCORE_DROP,summer,chaos_spring
002329.SZ,2026-05-11,2026-05-27,12,4.54,4.19,-8.01,72.5,SCORE_DROP,summer,chaos_spring
688800.SH,2026-05-18,2026-05-27,7,144.77,126.28,-13.07,68.1,STOP_LOSS,chaos_spring,chaos_spring
300260.SZ,2026-05-20,2026-05-27,5,68.68,57.06,-17.22,82.5,STOP_LOSS,chaos,chaos_spring
300308.SZ,2026-03-20,2026-05-28,45,612.0,1197.99,95.45,67.6,MAX_HOLD,chaos,chaos_spring
300421.SZ,2026-05-21,2026-05-28,5,27.47,23.88,-13.37,77.8,STOP_LOSS,chaos,chaos_spring
688072.SH,2026-03-23,2026-05-29,45,350.0,627.99,79.13,66.0,MAX_HOLD,chaos_autumn,chaos_spring
688037.SH,2026-04-07,2026-05-29,35,169.48,245.3,44.44,70.5,SCORE_DROP,chaos_autumn,chaos_spring
002236.SZ,2026-04-15,2026-05-29,29,18.86,16.69,-11.81,73.6,SCORE_DROP,chaos,chaos_spring
300136.SZ,2026-04-23,2026-05-29,23,83.41,98.65,17.97,69.5,SCORE_DROP,summer,chaos_spring
688012.SH,2026-04-27,2026-05-29,21,352.01,297.68,-15.73,73.0,STOP_LOSS,chaos_spring,chaos_spring
300115.SZ,2026-05-15,2026-05-29,10,38.1,33.37,-12.71,69.7,STOP_LOSS,chaos_spring,chaos_spring
001309.SZ,2026-05-18,2026-05-29,9,735.04,640.0,-13.23,68.7,STOP_LOSS,chaos_spring,chaos_spring
603009.SH,2026-05-22,2026-05-29,5,58.8,48.26,-18.23,75.2,STOP_LOSS,chaos_spring,chaos_spring
300655.SZ,2026-05-25,2026-05-29,4,17.88,15.05,-16.13,81.0,STOP_LOSS,chaos_spring,chaos_spring
603223.SH,2026-05-26,2026-05-29,3,11.58,9.91,-14.72,73.5,STOP_LOSS,chaos_spring,chaos_spring
002273.SZ,2026-04-09,2026-06-01,34,30.11,36.53,21.02,69.1,SCORE_DROP,chaos_autumn,chaos_spring
301308.SZ,2026-04-14,2026-06-01,31,381.51,505.8,32.28,73.9,SCORE_DROP,chaos,chaos_spring
601126.SH,2026-04-17,2026-06-01,28,48.13,75.66,56.9,73.1,SCORE_DROP,chaos_spring,chaos_spring
300570.SZ,2026-04-17,2026-06-01,28,141.22,147.75,4.32,71.7,SCORE_DROP,chaos_spring,chaos_spring
300476.SZ,2026-04-22,2026-06-01,25,342.78,342.35,-0.43,70.6,SCORE_DROP,summer,chaos_spring
688099.SH,2026-04-28,2026-06-01,21,96.03,101.1,4.98,68.7,SCORE_DROP,chaos_spring,chaos_spring
002049.SZ,2026-04-29,2026-06-01,20,75.88,76.51,0.53,67.3,SCORE_DROP,summer,chaos_spring
000672.SZ,2026-05-07,2026-06-01,17,14.54,16.64,14.14,69.5,SCORE_DROP,summer,chaos_spring
688120.SH,2026-05-12,2026-06-01,14,235.14,244.7,3.77,70.8,SCORE_DROP,summer,chaos_spring
688188.SH,2026-05-13,2026-06-01,13,166.55,154.46,-7.56,68.9,SCORE_DROP,summer,chaos_spring
688008.SH,2026-05-14,2026-06-01,12,265.08,232.3,-12.67,68.1,STOP_LOSS,summer,chaos_spring
688170.SH,2026-05-14,2026-06-01,12,72.74,70.06,-3.98,67.7,SCORE_DROP,summer,chaos_spring
688419.SH,2026-05-20,2026-06-01,8,57.53,48.32,-16.31,83.8,STOP_LOSS,chaos,chaos_spring
688720.SH,2026-05-28,2026-06-01,2,103.25,87.92,-15.15,70.1,STOP_LOSS,chaos_spring,chaos_spring
300604.SZ,2026-04-16,2026-06-02,30,154.09,207.62,34.44,70.3,SCORE_DROP,chaos,chaos_spring
688126.SH,2026-04-20,2026-06-02,28,20.8,24.71,18.5,72.1,SCORE_DROP,chaos_spring,chaos_spring
300586.SZ,2026-04-28,2026-06-02,22,11.79,11.4,-3.61,70.9,SCORE_DROP,chaos_spring,chaos_spring
688728.SH,2026-05-08,2026-06-02,17,14.5,13.61,-6.44,74.1,SCORE_DROP,summer,chaos_spring
300260.SZ,2026-05-28,2026-06-02,3,61.21,53.83,-12.36,72.1,STOP_LOSS,chaos_spring,chaos_spring
601166.SH,2026-03-26,2026-06-03,45,18.88,18.49,-2.37,61.3,MAX_HOLD,autumn,chaos_spring
000301.SZ,2026-04-30,2026-06-03,21,13.27,11.88,-10.77,68.5,SCORE_DROP,summer,chaos_spring
688107.SH,2026-04-30,2026-06-03,21,33.67,43.44,28.72,68.0,SCORE_DROP,summer,chaos_spring
688676.SH,2026-05-19,2026-06-03,11,101.02,95.99,-5.28,66.6,SCORE_DROP,chaos,chaos_spring
300353.SZ,2026-05-26,2026-06-03,6,21.84,19.0,-13.3,77.1,STOP_LOSS,chaos_spring,chaos_spring
300757.SZ,2026-03-27,2026-06-04,45,402.38,685.64,70.1,61.9,MAX_HOLD,autumn,chaos_spring
600176.SH,2026-03-27,2026-06-04,45,24.99,38.39,53.32,60.7,MAX_HOLD,autumn,chaos_spring
000906.SZ,2026-04-24,2026-06-04,26,6.36,5.91,-7.38,71.4,SCORE_DROP,chaos_spring,chaos_spring
301176.SZ,2026-04-28,2026-06-04,24,35.63,41.7,16.74,69.1,SCORE_DROP,chaos_spring,chaos_spring
300763.SZ,2026-05-19,2026-06-04,12,107.95,105.9,-2.2,69.0,SCORE_DROP,chaos,chaos_spring
000026.SZ,2026-05-19,2026-06-05,13,22.22,22.56,1.23,69.0,SCORE_DROP,chaos,chaos_spring
002028.SZ,2026-06-01,2026-06-05,4,216.0,177.49,-18.13,68.6,STOP_LOSS,chaos_spring,chaos_spring
600011.SH,2026-06-01,2026-06-05,4,9.76,8.39,-14.34,68.2,STOP_LOSS,chaos_spring,chaos_spring
601988.SH,2026-03-31,2026-06-08,45,5.87,6.14,4.3,62.9,MAX_HOLD,chaos_autumn,chaos_spring
688362.SH,2026-04-01,2026-06-08,44,39.74,52.58,32.01,72.8,SCORE_DROP,chaos_autumn,chaos_spring
603629.SH,2026-04-08,2026-06-08,40,70.4,162.34,130.3,72.5,SCORE_DROP,chaos_autumn,chaos_spring
688525.SH,2026-04-10,2026-06-08,38,241.51,288.5,19.16,73.5,SCORE_DROP,chaos,chaos_spring
603002.SH,2026-04-15,2026-06-08,35,12.88,15.08,16.78,68.9,SCORE_DROP,chaos,chaos_spring
688981.SH,2026-04-27,2026-06-08,27,116.58,121.92,4.28,72.1,SCORE_DROP,chaos_spring,chaos_spring
605111.SH,2026-05-06,2026-06-08,23,41.34,56.35,36.01,70.9,SCORE_DROP,summer,chaos_spring
300602.SZ,2026-05-20,2026-06-08,13,41.96,38.38,-8.83,84.3,SCORE_DROP,chaos,chaos_spring
603203.SH,2026-05-25,2026-06-08,10,66.55,55.86,-16.36,76.4,STOP_LOSS,chaos_spring,chaos_spring
000729.SZ,2026-05-29,2026-06-08,6,12.77,11.46,-10.56,73.2,SCORE_DROP,chaos_spring,chaos_spring
601138.SH,2026-04-01,2026-06-09,45,53.32,74.74,39.87,65.7,MAX_HOLD,chaos_autumn,chaos
301071.SZ,2026-04-23,2026-06-09,30,50.64,71.61,41.11,68.9,SCORE_DROP,summer,chaos
000510.SZ,2026-06-01,2026-06-09,6,18.32,16.8,-8.6,68.4,SCORE_DROP,chaos_spring,chaos
600066.SH,2026-06-02,2026-06-09,5,33.35,30.06,-10.17,70.9,SCORE_DROP,chaos_spring,chaos
688668.SH,2026-04-02,2026-06-10,45,146.28,416.01,184.09,61.8,MAX_HOLD,chaos,chaos
002156.SZ,2026-04-13,2026-06-10,39,45.65,61.44,34.29,73.0,SCORE_DROP,chaos,chaos
002185.SZ,2026-05-06,2026-06-10,25,13.62,17.11,25.32,71.6,SCORE_DROP,summer,chaos
300124.SZ,2026-05-07,2026-06-10,24,75.55,70.1,-7.51,75.0,SCORE_DROP,summer,chaos
300308.SZ,2026-05-28,2026-06-10,9,1197.99,1147.0,-4.56,69.7,SCORE_DROP,chaos_spring,chaos
000519.SZ,2026-05-29,2026-06-10,8,19.67,18.77,-4.88,69.3,SCORE_DROP,chaos_spring,chaos
605589.SH,2026-04-03,2026-06-11,45,32.43,61.0,87.8,63.0,MAX_HOLD,chaos,chaos
002463.SZ,2026-04-09,2026-06-11,42,85.84,126.91,47.54,70.9,SCORE_DROP,chaos_autumn,chaos
300001.SZ,2026-04-22,2026-06-11,33,30.58,36.31,18.44,70.1,SCORE_DROP,summer,chaos
688396.SH,2026-04-23,2026-06-11,32,52.69,63.03,19.32,70.5,SCORE_DROP,summer,chaos
002851.SZ,2026-04-29,2026-06-11,28,115.61,139.41,20.29,69.9,SCORE_DROP,summer,chaos
002281.SZ,2026-05-08,2026-06-11,24,180.72,205.4,13.36,74.6,SCORE_DROP,summer,chaos
600172.SH,2026-05-11,2026-06-11,23,9.78,11.82,20.56,74.4,SCORE_DROP,summer,chaos
300502.SZ,2026-05-13,2026-06-11,21,628.99,526.0,-16.67,78.0,STOP_LOSS,summer,chaos
300184.SZ,2026-05-25,2026-06-11,13,16.47,14.97,-9.41,74.4,SCORE_DROP,chaos_spring,chaos
000430.SZ,2026-06-03,2026-06-11,6,8.3,7.58,-8.97,68.9,SCORE_DROP,chaos_spring,chaos
688017.SH,2026-06-08,2026-06-11,3,428.25,367.0,-14.6,67.3,STOP_LOSS,chaos_spring,chaos
603931.SH,2026-05-27,2026-06-12,12,58.01,53.83,-7.51,69.9,SCORE_DROP,chaos_spring,chaos
603005.SH,2026-06-05,2026-06-12,5,45.8,41.02,-10.74,69.6,SCORE_DROP,chaos_spring,chaos
000681.SZ,2026-06-05,2026-06-12,5,24.31,21.36,-12.43,69.4,STOP_LOSS,chaos_spring,chaos
600007.SH,2026-06-10,2026-06-12,2,22.76,19.78,-13.39,79.6,STOP_LOSS,chaos,chaos
300223.SZ,2026-04-08,2026-06-15,45,112.72,164.3,45.46,73.4,MAX_HOLD,chaos_autumn,chaos
002371.SZ,2026-04-09,2026-06-16,45,472.84,672.19,41.86,74.1,MAX_HOLD,chaos_autumn,chaos
002916.SZ,2026-04-10,2026-06-17,45,262.03,444.27,69.25,73.3,MAX_HOLD,chaos,chaos
000021.SZ,2026-04-13,2026-06-18,45,28.25,44.04,55.59,74.1,MAX_HOLD,chaos,chaos
600023.SH,2026-05-11,2026-06-18,28,5.92,5.76,-3.0,70.4,SCORE_DROP,summer,chaos
001896.SZ,2026-06-02,2026-06-18,12,18.25,19.85,8.47,71.5,SCORE_DROP,chaos_spring,chaos
301128.SZ,2026-06-16,2026-06-23,4,185.0,156.68,-15.61,87.0,STOP_LOSS,chaos,chaos
002129.SZ,2026-05-12,2026-06-24,30,9.62,9.5,-1.55,72.7,SCORE_DROP,summer,chaos
601100.SH,2026-05-21,2026-06-24,23,114.04,109.97,-3.87,75.1,SCORE_DROP,chaos,chaos
300503.SZ,2026-06-08,2026-06-24,11,87.01,78.71,-9.84,69.1,SCORE_DROP,chaos_spring,chaos
603990.SH,2026-05-27,2026-06-25,20,19.59,20.85,6.13,69.3,SCORE_DROP,chaos_spring,chaos
300353.SZ,2026-06-05,2026-06-26,14,21.94,20.2,-8.23,74.1,SCORE_DROP,chaos_spring,chaos
000859.SZ,2026-06-10,2026-06-26,11,11.37,10.13,-11.21,77.0,SCORE_DROP,chaos,chaos
600487.SH,2026-06-02,2026-06-29,18,83.12,108.04,29.68,68.7,SCORE_DROP,chaos_spring,chaos
301377.SZ,2026-06-03,2026-06-29,17,384.74,553.8,43.64,69.3,SCORE_DROP,chaos_spring,chaos
688668.SH,2026-06-10,2026-06-29,12,416.01,364.51,-12.68,79.9,STOP_LOSS,chaos,chaos
001696.SZ,2026-06-11,2026-06-29,11,20.96,21.96,4.47,76.6,SCORE_DROP,chaos,chaos
688313.SH,2026-06-23,2026-06-29,4,199.98,175.3,-12.64,90.3,STOP_LOSS,chaos,chaos
002971.SZ,2026-06-08,2026-06-30,15,39.63,62.0,56.15,66.5,SCORE_DROP,chaos_spring,chaos
603203.SH,2026-06-29,2026-07-01,2,80.0,69.1,-13.93,90.9,STOP_LOSS,chaos,chaos
600522.SH,2026-06-04,2026-07-02,19,46.06,51.58,11.68,70.3,SCORE_DROP,chaos_spring,chaos
002463.SZ,2026-06-17,2026-07-02,10,146.55,130.51,-11.25,85.4,SCORE_DROP,chaos,chaos
002281.SZ,2026-06-18,2026-07-02,9,266.2,218.19,-18.34,86.2,STOP_LOSS,chaos,chaos
002156.SZ,2026-06-22,2026-07-02,8,71.25,67.37,-5.75,83.8,SCORE_DROP,chaos,chaos
002428.SZ,2026-06-25,2026-07-02,5,130.1,106.9,-18.13,86.5,STOP_LOSS,chaos,chaos
688082.SH,2026-04-27,2026-07-03,45,166.1,363.43,118.5,71.6,MAX_HOLD,chaos_spring,chaos
000657.SZ,2026-06-03,2026-07-03,21,71.71,89.63,24.69,73.5,SCORE_DROP,chaos_spring,chaos
002185.SZ,2026-06-22,2026-07-03,9,20.44,19.51,-4.85,83.5,SCORE_DROP,chaos,chaos
688478.SH,2026-06-23,2026-07-03,8,87.8,72.0,-18.3,84.2,STOP_LOSS,chaos,chaos
688720.SH,2026-06-30,2026-07-03,3,101.0,87.88,-13.29,86.2,STOP_LOSS,chaos,chaos
603986.SH,2026-05-15,2026-07-06,35,375.34,654.29,74.02,67.2,SCORE_DROP,chaos_spring,chaos
002859.SZ,2026-05-26,2026-07-06,28,63.17,85.99,35.82,72.6,SCORE_DROP,chaos_spring,chaos
600909.SH,2026-05-18,2026-07-07,35,6.28,9.82,56.07,69.5,SCORE_DROP,chaos_spring,chaos
300570.SZ,2026-06-09,2026-07-07,19,181.71,211.91,16.32,78.3,SCORE_DROP,chaos,chaos
300586.SZ,2026-06-12,2026-07-07,16,13.19,13.34,0.84,81.4,SCORE_DROP,chaos,chaos
600961.SH,2026-06-18,2026-07-07,12,28.82,28.1,-2.8,94.7,SCORE_DROP,chaos,chaos
688102.SH,2026-06-30,2026-07-07,5,47.18,40.8,-13.82,85.8,STOP_LOSS,chaos,chaos
300433.SZ,2026-05-15,2026-07-08,37,34.21,46.05,34.31,68.6,SCORE_DROP,chaos_spring,chaos
600176.SH,2026-06-12,2026-07-08,17,41.61,56.06,34.43,81.0,SCORE_DROP,chaos,chaos
301308.SZ,2026-06-26,2026-07-08,8,679.6,592.71,-13.09,85.2,STOP_LOSS,chaos,chaos
600999.SH,2026-07-01,2026-07-08,5,22.94,20.33,-11.68,86.6,SCORE_DROP,chaos,chaos
300503.SZ,2026-07-03,2026-07-08,3,111.0,87.75,-21.25,81.2,STOP_LOSS,chaos,chaos
300037.SZ,2026-05-22,2026-07-10,34,72.92,72.58,-0.77,81.8,SCORE_DROP,chaos_spring,chaos
688525.SH,2026-06-12,2026-07-10,19,327.9,388.5,18.18,82.1,SCORE_DROP,chaos,chaos
605111.SH,2026-06-17,2026-07-10,16,71.15,73.34,2.78,85.1,SCORE_DROP,chaos,chaos
300054.SZ,2026-06-24,2026-07-10,12,96.7,83.1,-14.36,85.3,STOP_LOSS,chaos,chaos
000672.SZ,2026-06-24,2026-07-10,12,21.55,19.65,-9.12,85.2,SCORE_DROP,chaos,chaos
688521.SH,2026-06-25,2026-07-10,11,338.05,292.0,-13.92,85.3,STOP_LOSS,chaos,chaos
300353.SZ,2026-07-02,2026-07-10,6,22.08,19.8,-10.63,82.1,SCORE_DROP,chaos,chaos
002861.SZ,2026-05-08,2026-07-13,45,17.9,19.04,6.07,74.2,MAX_HOLD,summer,chaos
000725.SZ,2026-05-22,2026-07-13,35,5.16,6.83,32.06,75.2,SCORE_DROP,chaos_spring,chaos
300260.SZ,2026-06-04,2026-07-13,26,60.7,79.52,30.7,72.5,SCORE_DROP,chaos_spring,chaos
603078.SH,2026-06-04,2026-07-13,26,37.78,41.92,10.66,69.3,SCORE_DROP,chaos_spring,chaos
300223.SZ,2026-06-15,2026-07-13,19,164.3,190.17,15.45,95.4,SCORE_DROP,chaos,chaos
300602.SZ,2026-06-15,2026-07-13,19,46.52,40.37,-13.52,93.0,STOP_LOSS,chaos,chaos
300655.SZ,2026-06-17,2026-07-13,17,16.62,16.66,-0.06,90.6,SCORE_DROP,chaos,chaos
688233.SH,2026-06-22,2026-07-13,15,128.54,154.31,19.75,82.8,SCORE_DROP,chaos,chaos
688396.SH,2026-06-23,2026-07-13,14,80.8,77.6,-4.26,84.6,SCORE_DROP,chaos,chaos
601100.SH,2026-07-03,2026-07-13,6,121.66,106.0,-13.17,88.3,STOP_LOSS,chaos,chaos
002643.SZ,2026-07-07,2026-07-13,4,20.22,16.44,-18.99,75.0,STOP_LOSS,chaos,chaos
688048.SH,2026-07-09,2026-07-13,2,472.44,403.69,-14.85,80.0,STOP_LOSS,chaos,chaos
300184.SZ,2026-07-10,2026-07-13,1,16.83,14.69,-13.02,79.1,STOP_LOSS,chaos,chaos
688419.SH,2026-06-11,2026-07-14,22,55.08,63.18,14.41,78.8,SCORE_DROP,chaos,chaos
603650.SH,2026-06-24,2026-07-14,14,77.22,78.89,1.86,87.0,SCORE_DROP,chaos,chaos
300900.SZ,2026-06-26,2026-07-14,12,36.3,31.43,-13.72,86.3,STOP_LOSS,chaos,chaos
688012.SH,2026-07-01,2026-07-14,9,462.0,405.3,-12.57,85.2,STOP_LOSS,chaos,chaos
688385.SH,2026-07-10,2026-07-14,2,74.0,63.83,-14.04,78.9,STOP_LOSS,chaos,chaos
300666.SZ,2026-05-21,2026-07-15,38,191.02,282.14,47.4,77.5,SCORE_DROP,chaos,chaos
688126.SH,2026-06-09,2026-07-15,25,31.73,31.04,-2.47,83.1,SCORE_DROP,chaos,chaos
000021.SZ,2026-06-18,2026-07-15,18,44.04,47.26,7.01,98.1,SCORE_DROP,chaos,chaos
300236.SZ,2026-06-26,2026-07-15,13,116.76,103.56,-11.61,84.8,SCORE_DROP,chaos,chaos
688728.SH,2026-06-29,2026-07-15,12,17.53,17.99,2.32,87.3,SCORE_DROP,chaos,chaos
002025.SZ,2026-06-30,2026-07-15,11,76.22,70.36,-7.99,86.3,SCORE_DROP,chaos,chaos
688082.SH,2026-07-08,2026-07-15,5,415.0,352.37,-15.39,79.2,STOP_LOSS,chaos,chaos
688347.SH,2026-07-08,2026-07-15,5,358.4,331.42,-7.83,76.7,SCORE_DROP,chaos,chaos
688720.SH,2026-07-09,2026-07-15,4,105.6,87.2,-17.72,81.1,STOP_LOSS,chaos,chaos
002208.SZ,2026-07-13,2026-07-15,2,20.88,16.91,-19.31,64.4,STOP_LOSS,chaos,chaos
002371.SZ,2026-06-16,2026-07-16,21,672.19,702.76,4.25,91.5,SCORE_DROP,chaos,chaos
688362.SH,2026-06-16,2026-07-16,21,64.85,79.0,21.52,91.4,SCORE_DROP,chaos,chaos
600118.SH,2026-06-29,2026-07-16,13,81.02,69.16,-14.94,87.9,STOP_LOSS,chaos,chaos
603223.SH,2026-07-02,2026-07-16,10,13.46,11.27,-16.57,83.0,STOP_LOSS,chaos,chaos
603009.SH,2026-07-02,2026-07-16,10,50.5,44.61,-11.96,81.8,SCORE_DROP,chaos,chaos
002979.SZ,2026-07-07,2026-07-16,7,69.3,58.51,-15.87,75.5,STOP_LOSS,chaos,chaos
688981.SH,2026-07-09,2026-07-16,5,173.0,151.8,-12.55,82.1,STOP_LOSS,chaos,chaos
002185.SZ,2026-07-13,2026-07-16,3,24.13,20.8,-14.1,67.9,STOP_LOSS,chaos,chaos
002747.SZ,2026-05-27,2026-07-17,36,28.43,38.19,34.03,69.0,SCORE_DROP,chaos_spring,chaos_autumn
000048.SZ,2026-06-09,2026-07-17,27,16.21,18.62,14.57,81.0,SCORE_DROP,chaos,chaos_autumn
688037.SH,2026-06-11,2026-07-17,25,260.3,310.59,19.02,81.5,SCORE_DROP,chaos,chaos_autumn
688331.SH,2026-07-01,2026-07-17,12,139.0,116.01,-16.84,86.1,STOP_LOSS,chaos,chaos_autumn
300502.SZ,2026-07-14,2026-07-17,3,568.82,482.88,-15.41,80.0,STOP_LOSS,chaos,chaos_autumn
002851.SZ,2026-07-14,2026-07-17,3,172.16,136.59,-20.96,79.9,STOP_LOSS,chaos,chaos_autumn
688072.SH,2026-05-29,2026-07-20,35,627.99,637.05,1.14,74.7,SCORE_DROP,chaos_spring,summer
688361.SH,2026-06-25,2026-07-20,17,332.0,305.38,-8.32,85.2,SCORE_DROP,chaos,summer
002156.SZ,2026-07-10,2026-07-20,6,70.95,63.0,-11.51,78.9,SCORE_DROP,chaos,chaos
000415.SZ,2026-06-15,2026-07-21,26,4.31,4.23,-2.16,87.9,FORCE_CLOSE,chaos,chaos
600066.SH,2026-07-03,2026-07-21,13,28.9,31.48,8.63,82.5,FORCE_CLOSE,chaos,chaos_autumn
000938.SZ,2026-07-06,2026-07-21,12,33.31,41.46,24.17,80.6,FORCE_CLOSE,chaos,chaos
600276.SH,2026-07-06,2026-07-21,12,56.77,54.93,-3.54,78.8,FORCE_CLOSE,chaos,chaos_autumn
000729.SZ,2026-07-06,2026-07-21,12,10.9,12.4,13.46,77.4,FORCE_CLOSE,chaos,chaos
300759.SZ,2026-07-07,2026-07-21,11,30.57,39.36,28.45,74.8,FORCE_CLOSE,chaos,chaos
600882.SH,2026-07-08,2026-07-21,10,19.41,21.42,10.06,78.7,FORCE_CLOSE,chaos,chaos_autumn
600025.SH,2026-07-13,2026-07-21,7,9.81,10.19,3.57,65.4,FORCE_CLOSE,chaos,chaos_autumn
000977.SZ,2026-07-14,2026-07-21,6,84.95,88.66,4.07,78.2,FORCE_CLOSE,chaos,chaos
601100.SH,2026-07-15,2026-07-21,5,110.58,106.55,-3.94,81.0,FORCE_CLOSE,chaos,chaos_autumn
300347.SZ,2026-07-15,2026-07-21,5,51.9,50.18,-3.61,75.9,FORCE_CLOSE,chaos,chaos
603569.SH,2026-07-15,2026-07-21,5,5.82,5.61,-3.91,75.5,FORCE_CLOSE,chaos,chaos_autumn
300015.SZ,2026-07-16,2026-07-21,4,9.01,8.78,-2.85,76.3,FORCE_CLOSE,chaos,chaos
300529.SZ,2026-07-16,2026-07-21,4,17.7,17.63,-0.7,75.0,FORCE_CLOSE,chaos,chaos
600519.SH,2026-07-16,2026-07-21,4,1258.99,1308.0,3.59,74.6,FORCE_CLOSE,chaos,chaos_autumn
601857.SH,2026-07-17,2026-07-21,3,10.29,10.67,3.39,75.8,FORCE_CLOSE,chaos_autumn,chaos_autumn
000895.SZ,2026-07-17,2026-07-21,3,24.6,24.79,0.47,75.5,FORCE_CLOSE,chaos_autumn,chaos
002599.SZ,2026-07-17,2026-07-21,3,5.88,5.96,1.06,72.6,FORCE_CLOSE,chaos_autumn,chaos
601288.SH,2026-07-20,2026-07-21,2,6.61,6.43,-3.02,65.7,FORCE_CLOSE,chaos_autumn,chaos_autumn
603556.SH,2026-07-20,2026-07-21,2,24.59,23.15,-6.16,64.7,FORCE_CLOSE,chaos_autumn,chaos_autumn
300999.SZ,2026-07-20,2026-07-21,2,26.13,25.8,-1.56,64.3,FORCE_CLOSE,chaos,chaos
300502.SZ,2026-07-21,2026-07-21,1,551.77,551.77,-0.3,67.9,FORCE_CLOSE,chaos,chaos
002371.SZ,2026-07-21,2026-07-21,1,744.6,744.6,-0.3,66.6,FORCE_CLOSE,chaos,chaos
600690.SH,2026-07-21,2026-07-21,1,21.85,21.85,-0.3,66.4,FORCE_CLOSE,chaos_autumn,chaos_autumn
